Date,NASDAQ,Callaway,Caesars
1/4/2017,5477,11.69,16.9
1/5/2017,5487.939941,11.6,16.65
1/6/2017,5521.060059,11.1,16.6
1/9/2017,5531.819824,10.88,16.1
1/10/2017,5551.819824,11.44,16.5
1/11/2017,5563.649902,11.27,16.700001
1/12/2017,5547.490234,11.18,16.15
1/13/2017,5574.120117,11.56,16
1/17/2017,5538.72998,11.39,15.45
1/18/2017,5555.649902,11.43,15.8
1/19/2017,5540.080078,11.27,15.55
1/20/2017,5555.330078,11.27,15.5
1/23/2017,5552.939941,11.24,15.4
1/24/2017,5600.959961,11.8,15.95
1/25/2017,5656.339844,11.97,16
1/26/2017,5655.180176,11.57,15.5
1/27/2017,5660.779785,11.47,15.5
1/30/2017,5613.709961,11.33,15.1
1/31/2017,5614.790039,11.33,15.5
2/1/2017,5642.649902,11.24,15.6
2/2/2017,5636.200195,10.99,15.65
2/3/2017,5666.77002,10.3,16
2/6/2017,5663.549805,10.1,15.5
2/7/2017,5674.220215,10.38,15.4
2/8/2017,5682.450195,10.38,15.5
2/9/2017,5715.180176,10.45,15.6
2/10/2017,5734.129883,10.59,16.15
2/13/2017,5763.959961,10.67,16.25
2/14/2017,5782.569824,10.58,16
2/15/2017,5819.439941,10.44,16.6
2/16/2017,5814.899902,10.32,16.4
2/17/2017,5838.580078,10.35,16.549999
2/21/2017,5865.950195,10.52,16.4
2/22/2017,5860.629883,10.38,16.4
2/23/2017,5835.509766,10.17,16.049999
2/24/2017,5845.310059,10.14,16.1
2/27/2017,5861.899902,10.18,16.15
2/28/2017,5825.439941,10.11,16.299999
3/1/2017,5904.029785,10.32,17.15
3/2/2017,5861.220215,10.4,17.700001
3/3/2017,5870.75,10.4,18.200001
3/6/2017,5849.180176,10.61,18.049999
3/7/2017,5833.930176,10.74,18
3/8/2017,5837.549805,10.83,18.1
3/9/2017,5838.810059,10.8,17.75
3/10/2017,5861.72998,10.93,18.049999
3/13/2017,5875.779785,10.9,18.700001
3/14/2017,5856.819824,10.75,19.15
3/15/2017,5900.049805,11.03,19.700001
3/16/2017,5900.759766,11.17,18.6
3/17/2017,5901,11.24,18.85
3/20/2017,5901.529785,11.23,18.65
3/21/2017,5793.830078,11.41,17.6
3/22/2017,5821.640137,11.3,17.549999
3/23/2017,5817.689941,11.37,17.65
3/24/2017,5828.740234,11.17,17.700001
3/27/2017,5840.370117,11.08,17.9
3/28/2017,5875.140137,11.08,18.9
3/29/2017,5897.549805,11.1,18.75
3/30/2017,5914.339844,11.06,18.950001
3/31/2017,5911.740234,11.07,18.924999
4/3/2017,5894.680176,11.07,18.875
4/4/2017,5898.609863,10.96,19.1
4/5/2017,5864.47998,11.32,18.799999
4/6/2017,5878.950195,11.3,19.25
4/7/2017,5877.810059,11.35,19.200001
4/10/2017,5880.930176,11.46,19.200001
4/11/2017,5866.77002,11.53,19.6
4/12/2017,5836.160156,11.47,19.049999
4/13/2017,5805.149902,11.49,18.5
4/17/2017,5856.790039,11.71,18.700001
4/18/2017,5849.470215,11.88,18.6
4/19/2017,5863.029785,11.89,18.799999
4/20/2017,5916.779785,11.84,19.1
4/21/2017,5910.52002,11.82,18.4
4/24/2017,5983.819824,11.88,17.799999
4/25/2017,6025.490234,11.65,18.4
4/26/2017,6025.22998,11.86,19.5
4/27/2017,6048.939941,11.87,19.25
4/28/2017,6047.609863,11.85,19.125
5/1/2017,6091.600098,11.86,19.15
5/2/2017,6095.370117,12.04,19.299999
5/3/2017,6072.549805,12,19.549999
5/4/2017,6075.339844,12.12,19.549999
5/5/2017,6100.759766,12.93,20
5/8/2017,6102.660156,12.73,19.9
5/9/2017,6120.589844,12.79,20.450001
5/10/2017,6129.140137,12.9,20.9
5/11/2017,6115.959961,13.11,20.549999
5/12/2017,6121.22998,12.89,20.700001
5/15/2017,6149.669922,13.04,20.700001
5/16/2017,6169.870117,13.01,20.65
5/17/2017,6011.240234,12.57,20.225
5/18/2017,6055.129883,12.6,19.950001
5/19/2017,6083.700195,12.7,19.700001
5/22/2017,6133.620117,12.65,20.450001
5/23/2017,6138.709961,12.74,20.549999
5/24/2017,6163.02002,12.74,20.799999
5/25/2017,6205.259766,12.73,20.5
5/26/2017,6210.189941,12.85,20.549999
5/30/2017,6203.189941,12.74,20.700001
5/31/2017,6198.52002,12.74,20.75
6/1/2017,6246.830078,12.84,20.85
6/2/2017,6305.799805,12.93,20.85
6/5/2017,6295.680176,12.77,20.85
6/6/2017,6275.060059,12.64,20.950001
6/7/2017,6297.379883,12.54,21.6
6/8/2017,6321.759766,12.58,21.5
6/9/2017,6207.919922,12.7,21.25
6/12/2017,6175.459961,12.6,21.4
6/13/2017,6220.370117,12.7,21.549999
6/14/2017,6194.890137,12.57,20.799999
6/15/2017,6165.5,12.3,20.450001
6/16/2017,6151.759766,12.15,20.25
6/19/2017,6239.009766,12.26,20.75
6/20/2017,6188.029785,12.09,20.450001
6/21/2017,6233.950195,12.25,20.5
6/22/2017,6236.689941,12.25,20.15
6/23/2017,6265.25,12.29,20.25
6/26/2017,6247.149902,12.37,20.4
6/27/2017,6146.620117,12.36,20
6/28/2017,6234.410156,12.53,20.450001
6/29/2017,6144.350098,12.54,19.65
6/30/2017,6140.419922,12.78,20
7/3/2017,6110.060059,12.62,19.799999
7/5/2017,6150.859863,12.68,19.35
7/6/2017,6089.459961,12.56,19.200001
7/7/2017,6153.080078,12.69,19.4
7/10/2017,6176.390137,12.61,19.299999
7/11/2017,6193.299805,12.5,19.450001
7/12/2017,6261.169922,12.62,19.549999
7/13/2017,6274.439941,12.75,19.200001
7/14/2017,6312.470215,12.68,19.299999
7/17/2017,6314.430176,12.67,19.1
7/18/2017,6344.310059,12.65,19.5
7/19/2017,6385.040039,12.84,19.799999
7/20/2017,6390,12.75,20.6
7/21/2017,6387.75,12.74,20.6
7/24/2017,6410.810059,12.64,20.9
7/25/2017,6412.169922,12.67,20.950001
7/26/2017,6422.75,12.79,20.799999
7/27/2017,6382.189941,12.62,20.25
7/28/2017,6374.680176,12.62,20
7/31/2017,6348.120117,12.73,20.4
8/1/2017,6362.939941,12.79,20.299999
8/2/2017,6362.649902,12.6,20.6
8/3/2017,6340.339844,12.47,20.35
8/4/2017,6351.560059,13.5,20.299999
8/7/2017,6383.77002,12.75,20.200001
8/8/2017,6370.459961,13.04,19.950001
8/9/2017,6352.330078,12.97,21.950001
8/10/2017,6216.870117,12.77,22.549999
8/11/2017,6256.560059,12.72,23.4
8/14/2017,6340.22998,12.95,23.299999
8/15/2017,6333.009766,12.65,22.75
8/16/2017,6345.109863,13.01,22.5
8/17/2017,6221.910156,12.99,22.1
8/18/2017,6216.529785,12.98,22.299999
8/21/2017,6213.129883,13.07,22.5
8/22/2017,6297.47998,13.21,23.200001
8/23/2017,6278.410156,13.19,23.049999
8/24/2017,6271.330078,13.28,23.1
8/25/2017,6265.640137,13.49,23.25
8/28/2017,6283.02002,13.67,22.9
8/29/2017,6301.890137,13.66,22.700001
8/30/2017,6368.310059,13.75,22.549999
8/31/2017,6428.660156,13.94,23
9/1/2017,6435.330078,13.76,23.15
9/5/2017,6375.569824,13.64,23.85
9/6/2017,6393.310059,13.86,23.700001
9/7/2017,6397.870117,13.73,23.799999
9/8/2017,6360.189941,13.73,24.049999
9/11/2017,6432.259766,13.78,24.700001
9/12/2017,6454.279785,14,25.25
9/13/2017,6460.189941,14.05,24.85
9/14/2017,6429.080078,14.03,24.6
9/15/2017,6448.470215,14.02,24.799999
9/18/2017,6454.640137,14.02,25.299999
9/19/2017,6461.319824,14.14,25.299999
9/20/2017,6456.040039,14.01,25.450001
9/21/2017,6422.689941,14.01,25.1
9/22/2017,6426.919922,14.12,24.725
9/25/2017,6370.589844,13.91,24.4
9/26/2017,6380.160156,13.91,24.549999
9/27/2017,6453.259766,14,25.200001
9/28/2017,6453.450195,14.17,25.450001
9/29/2017,6495.959961,14.43,25.65
10/2/2017,6516.720215,14.67,25.9
10/3/2017,6531.709961,14.56,26.65
10/4/2017,6534.629883,14.54,26.75
10/5/2017,6585.359863,14.67,26.950001
10/6/2017,6590.180176,14.5,26.4
10/9/2017,6579.72998,14.34,26.1
10/10/2017,6587.25,14.28,26.1
10/11/2017,6603.549805,14.1,26.35
10/12/2017,6591.509766,14,26.15
10/13/2017,6605.799805,13.98,26.200001
10/16/2017,6624,14.02,26.65
10/17/2017,6623.660156,14.18,26.5
10/18/2017,6624.220215,14.26,26.299999
10/19/2017,6605.069824,14.22,25.799999
10/20/2017,6629.049805,14.39,25.5
10/23/2017,6586.830078,14.31,25.25
10/24/2017,6598.430176,14.31,24.9
10/25/2017,6563.890137,14.13,24.799999
10/26/2017,6556.77002,14.79,24.049999
10/27/2017,6701.259766,14.42,25.25
10/30/2017,6698.959961,14.45,25.6
10/31/2017,6727.669922,14.43,25.700001
11/1/2017,6716.529785,14.31,25.799999
11/2/2017,6714.939941,14.21,25.65
11/3/2017,6764.439941,14.04,28
11/6/2017,6786.439941,14.17,28.6
11/7/2017,6767.779785,13.72,29
11/8/2017,6789.120117,13.99,29.299999
11/9/2017,6750.049805,13.88,28.549999
11/10/2017,6750.939941,14,28.65
11/13/2017,6757.600098,13.85,28.799999
11/14/2017,6737.870117,13.86,29.049999
11/15/2017,6706.209961,13.83,29
11/16/2017,6793.290039,13.95,29.25
11/17/2017,6782.790039,14.14,29.200001
11/20/2017,6790.709961,14.36,29.65
11/21/2017,6862.47998,14.55,29.4
11/22/2017,6867.359863,14.34,29.25
11/24/2017,6889.160156,14.33,29.700001
11/27/2017,6878.52002,14.18,29.75
11/28/2017,6912.359863,14.42,30.049999
11/29/2017,6824.390137,14.43,29.424999
11/30/2017,6873.970215,14.51,30.6
12/1/2017,6847.589844,14.12,30.6
12/4/2017,6775.370117,14.72,30.85
12/5/2017,6762.209961,14.38,31.35
12/6/2017,6776.379883,14.34,31.25
12/7/2017,6812.839844,14.49,31.85
12/8/2017,6840.080078,14.45,32.700001
12/11/2017,6875.080078,14.41,33.299999
12/12/2017,6862.319824,14.08,33.650002
12/13/2017,6875.799805,14.13,33.950001
12/14/2017,6856.529785,14.64,32.049999
12/15/2017,6936.580078,14.79,32.150002
12/18/2017,6994.759766,14.68,33.599998
12/19/2017,6963.850098,14.66,33.400002
12/20/2017,6960.959961,15.01,33
12/21/2017,6965.359863,15.28,33.299999
12/22/2017,6959.959961,15.14,33.200001
12/26/2017,6936.25,15.06,33.200001
12/27/2017,6939.339844,14.02,33.900002
12/28/2017,6950.160156,14.06,33
12/29/2017,6903.390137,13.93,33.150002
1/2/2018,7006.899902,13.8,31.65
1/3/2018,7065.529785,13.77,31.299999
1/4/2018,7077.910156,13.74,32
1/5/2018,7136.560059,14.1,31.799999
1/8/2018,7157.390137,14.1,31.700001
1/9/2018,7163.580078,13.74,32.049999
1/10/2018,7153.569824,13.69,32.25
1/11/2018,7211.779785,14.17,32.549999
1/12/2018,7261.060059,14.29,32.349998
1/16/2018,7223.689941,13.8,32.099998
1/17/2018,7298.279785,14.21,32
1/18/2018,7296.049805,13.97,31.6
1/19/2018,7336.379883,14.6,32.950001
1/22/2018,7408.029785,14.5,33.599998
1/23/2018,7460.290039,14.47,34
1/24/2018,7415.060059,14.59,33.450001
1/25/2018,7411.160156,15.25,32.950001
1/26/2018,7505.77002,15.36,33.049999
1/29/2018,7466.509766,15.26,32
1/30/2018,7402.47998,15.04,32.25
1/31/2018,7411.47998,14.77,34.549999
2/1/2018,7385.859863,14.89,34.650002
2/2/2018,7240.950195,14.49,35
2/5/2018,6967.529785,14.27,33.700001
2/6/2018,7115.879883,14.59,34.5
2/7/2018,7051.97998,14.77,33.900002
2/8/2018,6777.160156,15.12,31.950001
2/9/2018,6874.490234,14.8,30.65
2/12/2018,6981.959961,15.23,30.15
2/13/2018,7013.509766,15.12,31.15
2/14/2018,7143.620117,15.49,32.299999
2/15/2018,7256.430176,15.91,32.450001
2/16/2018,7239.470215,15.76,33.549999
2/20/2018,7234.310059,15.46,34.150002
2/21/2018,7218.22998,15.62,32.549999
2/22/2018,7210.089844,15.47,32.150002
2/23/2018,7337.390137,15.56,33.549999
2/26/2018,7421.459961,15.85,33.599998
2/27/2018,7330.350098,15.59,33.900002
2/28/2018,7273.009766,15.48,34.099998
3/1/2018,7180.560059,15.49,34.349998
3/2/2018,7257.870117,15.76,34.25
3/5/2018,7330.709961,15.86,33.849998
3/6/2018,7372.009766,16.15,34.349998
3/7/2018,7396.649902,16.16,35.25
3/8/2018,7427.950195,15.96,35.849998
3/9/2018,7560.810059,15.87,37.650002
3/12/2018,7588.319824,15.99,37.150002
3/13/2018,7511.009766,15.92,36.950001
3/14/2018,7496.810059,15.87,37.700001
3/15/2018,7481.740234,15.85,37.25
3/16/2018,7481.990234,16.049999,36.5
3/19/2018,7344.240234,16.059999,35.549999
3/20/2018,7364.299805,16.290001,34.75
3/21/2018,7345.290039,16.42,33.900002
3/22/2018,7166.680176,16.23,33.200001
3/23/2018,6992.669922,16.389999,32.299999
3/26/2018,7220.540039,16.450001,33.599998
3/27/2018,7008.810059,16.379999,33
3/28/2018,6949.22998,16.26,32.450001
3/29/2018,7063.450195,16.360001,33
4/2/2018,6870.120117,16.18,32.099998
4/3/2018,6941.279785,16.469999,33.799999
4/4/2018,7042.109863,16.719999,34.650002
4/5/2018,7076.549805,17,35.5
4/6/2018,6915.109863,16.84,34.400002
4/9/2018,6950.339844,16.639999,34.099998
4/10/2018,7094.299805,16.93,34.599998
4/11/2018,7069.029785,17.35,34.599998
4/12/2018,7140.25,17.4,35.5
4/13/2018,7106.649902,17.370001,35.700001
4/16/2018,7156.279785,17.469999,41.5
4/17/2018,7281.100098,17.709999,41
4/18/2018,7295.240234,16.389999,41.299999
4/19/2018,7238.060059,16.459999,40.799999
4/20/2018,7146.129883,16.48,40.400002
4/23/2018,7128.600098,16.809999,41.150002
4/24/2018,7007.350098,16.74,40.099998
4/25/2018,7003.740234,16.700001,39.450001
4/26/2018,7118.680176,16.799999,40.25
4/27/2018,7119.799805,17.950001,40.549999
4/30/2018,7066.27002,17.26,40.5
5/1/2018,7130.700195,17.23,40.299999
5/2/2018,7100.899902,17.24,40.400002
5/3/2018,7088.149902,17.17,40
5/4/2018,7209.620117,17.26,42.5
5/7/2018,7265.209961,17.549999,42.150002
5/8/2018,7266.899902,17.73,42.349998
5/9/2018,7339.910156,18.16,42.25
5/10/2018,7404.970215,18.15,43.299999
5/11/2018,7402.879883,17.969999,42.200001
5/14/2018,7411.319824,17.889999,43.200001
5/15/2018,7351.629883,17.950001,43.099998
5/16/2018,7398.299805,18.110001,43.400002
5/17/2018,7382.470215,18.290001,44.25
5/18/2018,7354.339844,18.42,44.400002
5/21/2018,7394.040039,18.73,43.700001
5/22/2018,7378.459961,18.6,43.349998
5/23/2018,7425.959961,18.58,43
5/24/2018,7424.430176,18.860001,44
5/25/2018,7433.850098,19,44.5
5/29/2018,7396.589844,19.209999,44.950001
5/30/2018,7462.450195,19.15,45.349998
5/31/2018,7442.120117,18.940001,45.200001
6/1/2018,7554.330078,19.15,45.400002
6/4/2018,7606.459961,19.34,45.049999
6/5/2018,7637.859863,19.709999,44.5
6/6/2018,7689.240234,19.709999,45.349998
6/7/2018,7635.069824,19.450001,44.200001
6/8/2018,7645.509766,19.9,43.450001
6/11/2018,7659.930176,20.059999,43.349998
6/12/2018,7703.790039,20.120001,45.900002
6/13/2018,7695.700195,20.16,43.5
6/14/2018,7761.040039,20.219999,42.849998
6/15/2018,7746.379883,20.370001,42.5
6/18/2018,7747.029785,20.559999,43.150002
6/19/2018,7725.589844,20.67,43.150002
6/20/2018,7781.509766,20.719999,44.099998
6/21/2018,7712.950195,20.34,43.849998
6/22/2018,7692.819824,19.75,44.25
6/25/2018,7532.009766,19.23,41.400002
6/26/2018,7561.629883,19.34,41.5
6/27/2018,7445.080078,19.139999,39.700001
6/28/2018,7503.680176,19.23,39.849998
6/29/2018,7510.299805,18.969999,39.099998
7/2/2018,7567.689941,19.41,38.599998
7/3/2018,7502.669922,19.139999,39.549999
7/5/2018,7586.430176,19.15,40.200001
7/6/2018,7688.390137,19.309999,41.200001
7/9/2018,7756.200195,19.33,42.599998
7/10/2018,7759.200195,19.01,43.049999
7/11/2018,7716.609863,18.969999,43.799999
7/12/2018,7823.919922,18.59,45.599998
7/13/2018,7825.97998,18.559999,46.25
7/16/2018,7805.720215,18.629999,44.849998
7/17/2018,7855.120117,18.780001,45
7/18/2018,7854.439941,18.83,43.950001
7/19/2018,7825.299805,18.83,44.400002
7/20/2018,7820.200195,19.200001,44.5
7/23/2018,7841.870117,19.35,44.599998
7/24/2018,7840.77002,19.059999,43.549999
7/25/2018,7932.240234,19.34,43.700001
7/26/2018,7852.180176,19.57,42.099998
7/27/2018,7737.419922,19.290001,41.400002
7/30/2018,7630,19.15,41.599998
7/31/2018,7671.790039,19.24,42.849998
8/1/2018,7707.290039,19.209999,41.450001
8/2/2018,7802.689941,19.620001,41.400002
8/3/2018,7812.009766,21.719999,43.700001
8/6/2018,7859.680176,22.09,42.549999
8/7/2018,7883.660156,21.77,42.5
8/8/2018,7888.330078,21.91,43.049999
8/9/2018,7891.779785,22.26,43.549999
8/10/2018,7839.109863,22.35,43.5
8/13/2018,7819.709961,22.32,43.299999
8/14/2018,7870.890137,22.620001,43.799999
8/15/2018,7774.120117,22.48,45.700001
8/16/2018,7806.52002,22.52,46.549999
8/17/2018,7816.330078,22.52,45.950001
8/20/2018,7821.009766,22.67,46.400002
8/21/2018,7859.169922,22.93,47.5
8/22/2018,7889.100098,22.59,48.950001
8/23/2018,7878.459961,22.549999,48.75
8/24/2018,7945.97998,23.08,49.75
8/27/2018,8017.899902,22.889999,48.599998
8/28/2018,8030.040039,22.76,48.349998
8/29/2018,8109.689941,22.700001,48.950001
8/30/2018,8088.359863,22.440001,48
8/31/2018,8109.540039,22.809999,48.049999
9/4/2018,8091.25,22.98,46.900002
9/5/2018,7995.169922,23.1,47.349998
9/6/2018,7922.72998,23.1,45.799999
9/7/2018,7902.540039,22.940001,45.349998
9/10/2018,7924.160156,23.27,45.950001
9/11/2018,7972.470215,23.280001,46.700001
9/12/2018,7954.22998,23.43,47.950001
9/13/2018,8013.709961,23.209999,49
9/14/2018,8010.040039,23.33,48.849998
9/17/2018,7895.790039,23,47.849998
9/18/2018,7956.109863,23.059999,48.299999
9/19/2018,7950.040039,22.85,47.299999
9/20/2018,8028.22998,22.969999,48.450001
9/21/2018,7986.959961,22.709999,48.200001
9/24/2018,7993.25,23.5,48.349998
9/25/2018,8007.470215,23.370001,47.849998
9/26/2018,7990.370117,23.690001,47.900002
9/27/2018,8041.970215,24.139999,48.599998
9/28/2018,8046.350098,24.290001,48.599998
10/1/2018,8037.299805,24.15,48.610001
10/2/2018,7999.549805,23.540001,49.5
10/3/2018,8025.089844,23.860001,49.700001
10/4/2018,7879.509766,23.49,48.700001
10/5/2018,7788.450195,23.219999,44.549999
10/8/2018,7735.950195,23.1,44.639999
10/9/2018,7738.02002,23.18,46.77
10/10/2018,7422.049805,22.780001,45.720001
10/11/2018,7329.060059,22.879999,45.43
10/12/2018,7496.890137,23.27,45.740002
10/15/2018,7430.740234,23.280001,45.700001
10/16/2018,7645.490234,24.07,47.669998
10/17/2018,7642.700195,23.93,47.439999
10/18/2018,7485.140137,23.48,47.259998
10/19/2018,7449.029785,22.969999,44.330002
10/22/2018,7468.629883,23.129999,41.73
10/23/2018,7437.540039,22.07,40.040001
10/24/2018,7108.399902,21.120001,37.939999
10/25/2018,7318.339844,21.52,39.369999
10/26/2018,7167.209961,21.83,36.509998
10/29/2018,7050.290039,21.09,32.82
10/30/2018,7161.649902,21.92,34.889999
10/31/2018,7305.899902,21.4,36.5
11/1/2018,7434.060059,22,38.189999
11/2/2018,7356.990234,21.67,38.529999
11/5/2018,7328.850098,21.809999,37
11/6/2018,7375.959961,22.16,37.25
11/7/2018,7570.75,22.530001,37.799999
11/8/2018,7530.879883,21.91,38.889999
11/9/2018,7406.899902,21.719999,36.720001
11/12/2018,7200.870117,21.15,33.029999
11/13/2018,7200.870117,21.290001,35
11/14/2018,7136.390137,21.09,36.139999
11/15/2018,7259.029785,21.27,37.549999
11/16/2018,7247.870117,21.01,37.360001
11/19/2018,7028.47998,20.17,35.630001
11/20/2018,6908.819824,19.08,33.52
11/21/2018,6972.25,19.540001,35.830002
11/23/2018,6938.97998,19.360001,35.849998
11/26/2018,7081.850098,19.360001,39.380001
11/27/2018,7082.700195,19.059999,40.299999
11/28/2018,7291.589844,19.09,43
11/29/2018,7273.080078,18.91,43.91
11/30/2018,7330.540039,17.129999,43.98
12/3/2018,7441.509766,17.530001,42.529999
12/4/2018,7158.430176,16.76,40.950001
12/6/2018,7188.259766,16.879999,40.27
12/7/2018,6969.25,16.6,38.369999
12/10/2018,7020.52002,16.43,38.5
12/11/2018,7031.830078,16.610001,37.57
12/12/2018,7098.310059,16.84,39.279999
12/13/2018,7070.330078,16.48,37.41
12/14/2018,6910.660156,16.629999,36.439999
12/17/2018,6753.72998,15.53,37.080002
12/18/2018,6783.910156,15.89,37.060001
12/19/2018,6636.830078,15.31,35.09
12/20/2018,6528.410156,15.22,34.529999
12/21/2018,6332.990234,14.8,33.529999
12/24/2018,6192.919922,14.45,32.299999
12/26/2018,6554.359863,15.27,35.279999
12/27/2018,6579.490234,15.44,35.439999
12/28/2018,6584.52002,15.28,35.740002
12/31/2018,6635.279785,15.3,36.209999
1/2/2019,6665.939941,15.52,37.950001
1/3/2019,6463.5,15.23,37.380001
1/4/2019,6738.859863,16.01,39.450001
1/7/2019,6823.470215,15.93,40.799999
1/8/2019,6897,16.360001,42.18
1/9/2019,6957.080078,16.57,42.150002
1/10/2019,6986.069824,16.299999,42.68
1/11/2019,6971.47998,16.33,42.849998
1/14/2019,6905.919922,16.18,42.060001
1/15/2019,7023.830078,16.469999,42.040001
1/16/2019,7034.689941,16.52,42.689999
1/17/2019,7084.459961,16.959999,42.939999
1/18/2019,7157.22998,16.98,44.380001
1/22/2019,7020.359863,16.51,43.66
1/23/2019,7025.77002,16.540001,43.330002
1/24/2019,7073.459961,16.58,43.73
1/25/2019,7164.859863,16.57,44.389999
1/28/2019,7085.680176,16.389999,44.560001
1/29/2019,7028.290039,15.88,44.110001
1/30/2019,7183.080078,16.280001,44.91
1/31/2019,7281.740234,16.290001,46.619999
2/1/2019,7263.870117,16.280001,46.380001
2/4/2019,7347.540039,16.389999,46.779999
2/5/2019,7402.080078,16.24,46.639999
2/6/2019,7375.279785,16.43,46.93
2/7/2019,7288.350098,15.55,46.459999
2/8/2019,7298.200195,15.17,45.84
2/11/2019,7307.899902,15.17,46.560001
2/12/2019,7414.620117,15.54,47.419998
2/13/2019,7420.379883,15.92,47.700001
2/14/2019,7426.950195,15.92,47.52
2/15/2019,7472.410156,16.48,47.68
2/19/2019,7486.77002,16.74,47.869999
2/20/2019,7489.069824,17.059999,47.439999
2/21/2019,7459.709961,16.91,47.349998
2/22/2019,7527.540039,17,48.66
2/25/2019,7554.459961,17.17,48.09
2/26/2019,7549.299805,16.870001,47.459999
2/27/2019,7554.509766,17.15,47.48
2/28/2019,7532.529785,17.209999,48.209999
3/1/2019,7595.350098,17.52,47.959999
3/4/2019,7577.569824,17.440001,46.77
3/5/2019,7576.359863,17.530001,45.959999
3/6/2019,7505.919922,17.43,45
3/7/2019,7421.459961,16.77,44.52
3/8/2019,7408.140137,16.83,45.779999
3/11/2019,7558.060059,16.82,47.709999
3/12/2019,7591.029785,16.99,46.700001
3/13/2019,7643.410156,17.120001,46.439999
3/14/2019,7630.910156,16.889999,46.389999
3/15/2019,7688.529785,16.719999,46.5
3/18/2019,7714.47998,16.870001,45.599998
3/19/2019,7723.950195,16.790001,46.16
3/20/2019,7728.970215,16.57,48.189999
3/21/2019,7838.959961,16.65,50.07
3/22/2019,7642.669922,15.76,49.66
3/25/2019,7637.540039,15.9,49.740002
3/26/2019,7691.52002,15.86,49.150002
3/27/2019,7643.379883,15.68,48
3/28/2019,7669.169922,15.91,46.959999
3/29/2019,7729.319824,15.93,46.689999
4/1/2019,7828.910156,15.94,48.580002
4/2/2019,7848.689941,15.8,47.869999
4/3/2019,7895.549805,15.76,47.59
4/4/2019,7891.779785,16.18,47.919998
4/5/2019,7938.689941,16.49,48.610001
4/8/2019,7953.879883,16.549999,48.189999
4/9/2019,7909.279785,16.43,47.189999
4/10/2019,7964.240234,16.540001,48.32
4/11/2019,7947.359863,16.5,48.970001
4/12/2019,7984.160156,16.540001,49.619999
4/15/2019,7976.009766,16.780001,49.23
4/16/2019,8000.22998,16.91,49.580002
4/17/2019,7996.080078,17.190001,50.029999
4/18/2019,7998.060059,16.98,50.060001
4/22/2019,8015.27002,16.84,49.830002
4/23/2019,8120.819824,17.040001,50.639999
4/24/2019,8102.009766,17.48,50.599998
4/25/2019,8118.680176,17.120001,49.869999
4/26/2019,8146.399902,17.41,50.98
4/29/2019,8161.850098,17.559999,50.59
4/30/2019,8095.390137,17.559999,49.369999
5/1/2019,8049.640137,17.200001,47.830002
5/2/2019,8036.77002,17.110001,48.34
5/3/2019,8164,17.370001,49.650002
5/6/2019,8123.290039,17.360001,48.400002
5/7/2019,7963.759766,16.73,46.450001
5/8/2019,7943.319824,16.870001,47.259998
5/9/2019,7910.589844,17.01,47.810001
5/10/2019,7916.939941,16,48.27
5/13/2019,7647.02002,15.9,46.139999
5/14/2019,7734.490234,16,46.439999
5/15/2019,7822.149902,15.66,48.220001
5/16/2019,7898.049805,15.97,48.700001
5/17/2019,7816.279785,15.65,48.459999
5/20/2019,7702.379883,15.02,49.080002
5/21/2019,7785.720215,14.85,49.02
5/22/2019,7750.839844,15.33,48.389999
5/23/2019,7628.279785,14.76,48.59
5/24/2019,7637.009766,15.07,48.110001
5/28/2019,7607.350098,15.01,48.060001
5/29/2019,7547.310059,15,49.880001
5/30/2019,7567.720215,14.79,49.560001
5/31/2019,7453.149902,14.7,49.169998
6/3/2019,7333.02002,14.86,46.049999
6/4/2019,7527.120117,15.54,48.150002
6/5/2019,7575.47998,15.76,49.259998
6/6/2019,7615.549805,15.38,49.779999
6/7/2019,7742.100098,15.71,52.060001
6/10/2019,7823.169922,15.99,52.169998
6/11/2019,7822.569824,15.73,52.18
6/12/2019,7792.720215,15.9,51.580002
6/13/2019,7837.129883,18.190001,52.34
6/14/2019,7796.660156,18.059999,51.700001
6/17/2019,7845.02002,17.98,53.18
6/18/2019,7953.879883,18,53.02
6/19/2019,7987.319824,18.110001,53.27
6/20/2019,8051.339844,18.27,52.720001
6/21/2019,8031.709961,18.25,51.220001
6/24/2019,8005.700195,18.219999,45.77
6/25/2019,7884.720215,17.6,43.810001
6/26/2019,7909.970215,17.440001,43.900002
6/27/2019,7967.759766,17.26,44.720001
6/28/2019,8006.240234,17.16,46.07
7/1/2019,8091.160156,17.33,47.639999
7/2/2019,8109.089844,17.35,48.389999
7/3/2019,8170.22998,17.75,49.02
7/5/2019,8161.790039,17.82,49.57
7/8/2019,8098.379883,17.65,48.790001
7/9/2019,8141.72998,17.700001,48.189999
7/10/2019,8202.530273,17.709999,47.349998
7/11/2019,8196.040039,18.01,45.540001
7/12/2019,8244.139648,18.42,45.560001
7/15/2019,8258.19043,18.32,45.57
7/16/2019,8222.799805,18.52,46.560001
7/17/2019,8185.209961,18.42,45.73
7/18/2019,8207.240234,18.209999,45.48
7/19/2019,8146.490234,18.17,44.52
7/22/2019,8204.139648,18.08,43.709999
7/23/2019,8251.400391,18.4,44.07
7/24/2019,8321.5,18.49,45.400002
7/25/2019,8238.540039,18.360001,44.439999
7/26/2019,8330.209961,18.540001,45.830002
7/29/2019,8293.330078,18.059999,45.09
7/30/2019,8273.610352,18.290001,46.709999
7/31/2019,8175.419922,18.34,45.119999
8/1/2019,8111.120117,17.969999,44
8/2/2019,8004.069824,17.57,43.130001
8/5/2019,7726.040039,17.110001,41.709999
8/6/2019,7833.27002,17.299999,40.450001
8/7/2019,7862.830078,17.02,40.650002
8/8/2019,8039.160156,17.540001,40.790001
8/9/2019,7959.140137,18.83,40.380001
8/12/2019,7863.410156,18.030001,39.27
8/13/2019,8016.359863,18.43,40.560001
8/14/2019,7773.939941,17.66,39.459999
8/15/2019,7766.620117,17.32,39.25
8/16/2019,7895.990234,17.32,40.029999
8/19/2019,8002.810059,17.629999,39.73
8/20/2019,7948.560059,17.48,39.990002
8/21/2019,8020.209961,17.969999,40.619999
8/22/2019,7991.390137,18.040001,40.040001
8/23/2019,7751.77002,16.9,37.880001
8/26/2019,7853.740234,16.9,39.029999
8/27/2019,7826.950195,16.67,37.310001
8/28/2019,7856.879883,17.299999,38.099998
8/29/2019,7973.390137,17.98,38.700001
8/30/2019,7962.879883,17.76,38.509998
9/3/2019,7874.160156,17.23,35.419998
9/4/2019,7976.879883,17.57,38.049999
9/5/2019,8116.830078,17.74,39.049999
9/6/2019,8103.069824,17.92,39
9/9/2019,8087.439941,18.610001,39.490002
9/10/2019,8084.160156,18.290001,40.740002
9/11/2019,8169.680176,19.280001,42.599998
9/12/2019,8194.469727,19.26,42.91
9/13/2019,8176.709961,18.73,43.25
9/16/2019,8153.540039,18.85,43.330002
9/17/2019,8186.02002,19.370001,42.98
9/18/2019,8177.390137,19.91,43.310001
9/19/2019,8182.879883,19.85,42.990002
9/20/2019,8117.669922,19.629999,43.18
9/23/2019,8112.459961,19.1,42.599998
9/24/2019,7993.629883,19.01,41.240002
9/25/2019,8077.379883,19.610001,40.450001
9/26/2019,8030.660156,19.23,39.48
9/27/2019,7939.629883,19.110001,38.560001
9/30/2019,7999.339844,19.41,39.869999
10/1/2019,7908.680176,18.93,40.080002
10/2/2019,7785.25,18.549999,39.84
10/3/2019,7872.259766,18.5,39.310001
10/4/2019,7982.470215,18.75,39.099998
10/7/2019,7956.290039,18.639999,39.82
10/8/2019,7823.779785,18.91,38.970001
10/9/2019,7903.740234,19.84,39.09
10/10/2019,7950.779785,19.799999,40.060001
10/11/2019,8057.040039,20.18,42.209999
10/14/2019,8048.649902,20.41,42.369999
10/15/2019,8148.709961,20.48,42.860001
10/16/2019,8124.180176,20.52,42.810001
10/17/2019,8156.850098,20.530001,42.900002
10/18/2019,8089.540039,20.780001,43.040001
10/21/2019,8162.990234,20.76,43.400002
10/22/2019,8104.299805,20.84,43.59
10/23/2019,8119.790039,21.16,43.900002
10/24/2019,8185.799805,20.9,44.330002
10/25/2019,8243.120117,21.16,45.029999
10/28/2019,8325.990234,21.030001,45.080002
10/29/2019,8276.849609,20.530001,44.869999
10/30/2019,8303.980469,20.73,44.349998
10/31/2019,8292.360352,20.219999,44.77
11/1/2019,8386.400391,19.780001,46.060001
11/4/2019,8433.200195,19.809999,46.84
11/5/2019,8434.679688,19.66,46.16
11/6/2019,8410.629883,20.07,46.91
11/7/2019,8434.519531,20.280001,50.43
11/8/2019,8475.30957,20.639999,50.080002
11/11/2019,8464.280273,20.780001,51.5
11/12/2019,8486.089844,20.549999,50.98
11/13/2019,8482.099609,20.629999,50.779999
11/14/2019,8479.019531,20.290001,51.169998
11/15/2019,8540.830078,20.440001,52.060001
11/18/2019,8549.94043,20.290001,53.400002
11/19/2019,8570.660156,20.290001,53.650002
11/20/2019,8526.730469,19.959999,53.419998
11/21/2019,8506.209961,20.280001,53.150002
11/22/2019,8519.879883,20.459999,53
11/25/2019,8632.490234,20.870001,54.09
11/26/2019,8647.929688,20.950001,53.68
11/27/2019,8705.179688,21.059999,53.84
11/29/2019,8665.469727,20.780001,53.509998
12/2/2019,8567.990234,20.82,52.700001
12/3/2019,8520.639648,20.35,52.709999
12/4/2019,8566.669922,20.780001,52.700001
12/5/2019,8570.700195,20.98,51.889999
12/6/2019,8656.530273,21.02,53.555
12/9/2019,8621.830078,21.129999,52.919998
12/10/2019,8616.179688,21.280001,52.75
12/11/2019,8654.049805,21.059999,52.84
12/12/2019,8717.320313,21.26,54.849998
12/13/2019,8734.879883,20.959999,54.889999
12/16/2019,8814.230469,20.860001,55.700001
12/17/2019,8823.360352,20.99,56.790001
12/18/2019,8827.740234,20.83,57.240002
12/19/2019,8887.219727,20.889999,57.91
12/20/2019,8924.959961,21.049999,57.650002
12/23/2019,8945.650391,21,59.09
12/24/2019,8952.879883,21.209999,59.18
12/26/2019,9022.389648,20.99,59.060001
12/27/2019,9006.620117,20.889999,59.16
12/30/2019,8945.990234,21.040001,59.009998
12/31/2019,8972.599609,21.200001,59.639999
1/2/2020,9092.19043,21.360001,59.509998
1/3/2020,9020.769531,21.290001,58.009998
1/6/2020,9071.469727,21.969999,58.799999
1/7/2020,9068.580078,21.530001,59.330002
1/8/2020,9129.240234,21.639999,59.529999
1/9/2020,9203.429688,21.98,59.290001
1/10/2020,9178.860352,21.4,58.450001
1/13/2020,9273.929688,21.780001,59.34
1/14/2020,9251.330078,21.879999,58.970001
1/15/2020,9258.700195,22.08,58.82
1/16/2020,9357.129883,22.049999,60.549999
1/17/2020,9388.94043,22.02,61.34
1/21/2020,9370.80957,21.83,59.5
1/22/2020,9383.769531,21.85,60.27
1/23/2020,9402.480469,21.77,60.639999
1/24/2020,9314.910156,21.309999,59.200001
1/27/2020,9139.30957,21.01,57.950001
1/28/2020,9269.679688,21.25,59.119999
1/29/2020,9275.160156,21.68,60.77
1/30/2020,9298.929688,21.940001,60.849998
1/31/2020,9150.94043,21.42,59.779999
2/3/2020,9273.400391,21.67,60.900002
2/4/2020,9467.969727,21.540001,62.700001
2/5/2020,9508.679688,21.610001,63.540001
2/6/2020,9572.150391,21.129999,63.610001
2/7/2020,9520.509766,20.200001,62.299999
2/10/2020,9628.389648,20.6,64.160004
2/11/2020,9638.94043,18.85,65.5
2/12/2020,9725.959961,19.709999,66.410004
2/13/2020,9711.969727,19.540001,68.010002
2/14/2020,9731.179688,19.459999,68.93
2/18/2020,9732.740234,19.620001,68.82
2/19/2020,9817.179688,19.23,69.449997
2/20/2020,9750.969727,19.1,69.470001
2/21/2020,9576.589844,18.780001,68.120003
2/24/2020,9221.280273,18.24,62.990002
2/25/2020,8965.610352,17.5,55.619999
2/26/2020,8980.780273,16.91,51.400002
2/27/2020,8566.480469,16.67,49.880001
2/28/2020,8567.370117,16.98,50.18
3/2/2020,8952.169922,16.700001,45.43
3/3/2020,8684.089844,16.26,41.650002
3/4/2020,9018.089844,16.43,41.119999
3/5/2020,8738.589844,15.64,34.740002
3/6/2020,8575.620117,15.71,33.650002
3/9/2020,7950.680176,14.21,26.440001
3/10/2020,8344.25,14.23,29.049999
3/11/2020,7952.049805,12.46,24.77
3/12/2020,7201.799805,9.69,15.48
3/13/2020,7874.879883,9.76,18.219999
3/16/2020,6904.589844,8.16,13.78
3/17/2020,7334.779785,7.27,10.09
3/18/2020,6989.839844,5.34,7.1
3/19/2020,7150.580078,7.21,7.77
3/20/2020,6879.52002,7.27,8.82
3/23/2020,6860.669922,7.16,10.44
3/24/2020,7417.859863,9.11,15.05
3/25/2020,7384.299805,10.1,16.690001
3/26/2020,7797.540039,11.33,16.790001
3/27/2020,7502.379883,10.92,15.14
3/30/2020,7774.149902,10.87,12.05
3/31/2020,7700.100098,10.22,14.4
4/1/2020,7360.580078,9.43,11.69
4/2/2020,7487.310059,9.58,10.67
4/3/2020,7373.080078,9.64,10.16
4/6/2020,7913.240234,10.58,14.03
4/7/2020,7887.259766,11.18,15.11
4/8/2020,8090.899902,11.56,18.15
4/9/2020,8153.580078,11.61,18.110001
4/13/2020,8192.419922,10.51,17.09
4/14/2020,8515.740234,10.89,17.495001
4/15/2020,8393.179688,10.78,15.99
4/16/2020,8532.360352,10.62,15.26
4/17/2020,8650.139648,10.95,16.700001
4/20/2020,8560.730469,10.64,16.07
4/21/2020,8263.230469,10.43,15.27
4/22/2020,8495.379883,10.16,15.01
4/23/2020,8494.75,9.98,15.58
4/24/2020,8634.519531,10.63,17.82
4/27/2020,8730.160156,12.31,20.32
4/28/2020,8607.730469,13.8,21.129999
4/29/2020,8914.709961,13.55,22.41
4/30/2020,8889.549805,14.32,21.440001
5/1/2020,8604.950195,13.21,18.84
5/4/2020,8710.709961,13.75,18.93
5/5/2020,8809.120117,13.21,18.370001
5/6/2020,8854.389648,13.53,18.09
5/7/2020,8979.660156,13.53,19.370001
5/8/2020,9121.320313,13.91,21.09
5/11/2020,9192.339844,13.01,20.620001
5/12/2020,9002.549805,12.29,23.18
5/13/2020,8863.169922,11.72,20.280001
5/14/2020,8943.719727,11.5,22.129999
5/15/2020,9014.55957,12.94,23.209999
5/18/2020,9234.830078,14.24,27.799999
5/19/2020,9185.099609,13.77,28.76
5/20/2020,9375.780273,14.23,31.25
5/21/2020,9284.879883,14.58,32.68
5/22/2020,9324.589844,14.94,33.540001
5/26/2020,9340.219727,15.22,35.16
5/27/2020,9412.360352,16.09,36.419998
5/28/2020,9368.990234,15.24,34.759998
5/29/2020,9489.870117,15.32,35.459999
6/1/2020,9552.049805,15.38,36.09
6/2/2020,9608.379883,15.54,35.490002
6/3/2020,9682.910156,16.209999,38.880001
6/4/2020,9615.80957,16.709999,42.939999
6/5/2020,9814.080078,17.370001,43.77
6/8/2020,9924.75,17.66,44.810001
6/9/2020,9953.75,16.709999,42.529999
6/10/2020,10020.34961,16.58,39.860001
6/11/2020,9492.730469,14.79,33.255001
6/12/2020,9588.80957,15.81,36.779999
6/15/2020,9726.019531,15.79,38.439999
6/16/2020,9895.870117,16.43,40.790001
6/17/2020,9910.530273,16.969999,43.130001
6/18/2020,9943.049805,16.950001,40.77
6/19/2020,9946.120117,17.129999,42.009998
6/22/2020,10056.48047,17.33,41.25
6/23/2020,10131.37012,17.610001,43.994999
6/24/2020,9909.169922,16.700001,41.16
6/25/2020,10017,16.76,38.599998
6/26/2020,9757.219727,16.09,36.150002
6/29/2020,9874.150391,17.690001,39.59
6/30/2020,10058.76953,17.51,40.060001
7/1/2020,10154.62988,17.48,40.860001
7/2/2020,10207.62988,16.98,41.200001
7/6/2020,10433.65039,17.43,39.529999
7/7/2020,10343.88965,16.969999,38.029999
7/8/2020,10492.5,17.24,39.75
7/9/2020,10547.75,16.6,40.950001
7/10/2020,10617.44043,17.030001,40.150002
7/13/2020,10390.83984,16.370001,39
7/14/2020,10488.58008,16.76,40.110001
7/15/2020,10550.49023,17.4,42.029999
7/16/2020,10473.83008,17.629999,40.77
7/17/2020,10503.19043,17.65,38
7/20/2020,10767.08984,18.09,38.240002
7/21/2020,10680.36035,18.629999,38.400002
7/22/2020,10706.12988,17.780001,38.240002
7/23/2020,10461.41992,18.280001,36.580002
7/24/2020,10363.17969,17.889999,33.75
7/27/2020,10536.26953,18.99,29.74
7/28/2020,10402.08984,18.5,30.27
7/29/2020,10542.94043,18.99,33.52
7/30/2020,10587.80957,19.1,33.369999
7/31/2020,10745.26953,19.049999,31.049999
8/3/2020,10902.79981,19.02,32.220001
8/4/2020,10941.16992,19.75,33.93
8/5/2020,10998.40039,19.870001,35.540001
8/6/2020,11108.07031,19.65,37.75
8/7/2020,11010.98047,18.49,37.07
8/10/2020,10968.36035,18.58,38.27
8/11/2020,10782.82031,18.74,37.880001
8/12/2020,11012.24023,18.549999,37.16
8/13/2020,11042.5,18.34,39.459999
8/14/2020,11019.29981,17.940001,41.32
8/17/2020,11129.73047,18.52,41.560001
8/18/2020,11210.83984,18.700001,42.720001
8/19/2020,11146.45996,18.799999,44.044998
8/20/2020,11264.9502,18.690001,46
8/21/2020,11311.79981,18.700001,44.700001
8/24/2020,11379.71973,19.07,44.720001
8/25/2020,11466.46973,19.57,43.860001
8/26/2020,11665.05957,20.379999,45.990002
8/27/2020,11625.33984,20.43,47.259998
8/28/2020,11695.62988,20.700001,49.049999
8/31/2020,11775.45996,20.860001,45.799999
9/1/2020,11939.66992,21.309999,46.860001
9/2/2020,12056.44043,21.549999,48.669998
9/3/2020,11458.09961,20.68,47.619999
9/4/2020,11313.12988,20.440001,49.810001
9/8/2020,10847.69043,19.790001,49.939999
9/9/2020,11141.55957,19.940001,50.279999
9/10/2020,10919.58984,19.450001,50.740002
9/11/2020,10853.54981,19.309999,50.110001
9/14/2020,11056.65039,19.700001,55.389999
9/15/2020,11190.32031,19.67,58.98
9/16/2020,11050.46973,19.299999,55.939999
9/17/2020,10910.28027,19.24,55.400002
9/18/2020,10793.28027,18.99,56.200001
9/21/2020,10778.79981,18.67,54.43
9/22/2020,10963.63965,18.940001,58.130001
9/23/2020,10632.99023,18.18,54.860001
9/24/2020,10672.26953,18.219999,52.869999
9/25/2020,10913.55957,18.290001,57.07
9/28/2020,11117.53027,18.780001,58.209999
9/29/2020,11085.25,18.82,54.490002
9/30/2020,11167.50977,19.139999,56.060001
10/1/2020,11326.50977,19.57,57.099998
10/2/2020,11075.01953,19.530001,56.830002
10/5/2020,11332.49023,20.040001,57.07
10/6/2020,11154.59961,19.879999,55
10/7/2020,11364.59961,20.120001,55.740002
10/8/2020,11420.98047,20.1,54.740002
10/9/2020,11579.94043,19.91,52.349998
10/12/2020,11876.25977,19.68,53.950001
10/13/2020,11863.90039,19.969999,55.450001
10/14/2020,11768.73047,19.879999,55.330002
10/15/2020,11713.87012,20.1,55.599998
10/16/2020,11671.55957,20.209999,54.970001
10/19/2020,11478.87988,19.85,53.419998
10/20/2020,11516.49023,19.75,54.470001
10/21/2020,11484.69043,19.610001,52.450001
10/22/2020,11506.00977,20.25,54.130001
10/23/2020,11548.28027,20.09,54.689999
10/26/2020,11358.94043,19.9,51.759998
10/27/2020,11431.34961,19.280001,48.470001
10/28/2020,11004.87012,15.65,45.259998
10/29/2020,11185.58984,15.2,46.099998
10/30/2020,10911.58984,15.49,44.82
11/2/2020,10957.61035,15.42,46.66
11/3/2020,11160.57031,15.64,50.110001
11/4/2020,11590.78027,16.65,52.200001
11/5/2020,11890.92969,17.33,56.130001
11/6/2020,11895.23047,17.15,56.889999
11/9/2020,11713.78027,18.58,63.080002
11/10/2020,11553.86035,18.1,60.279999
11/11/2020,11786.42969,17.09,58.970001
11/12/2020,11709.58984,16.75,57.779999
11/13/2020,11829.29004,16.75,61.380001
11/16/2020,11924.12988,17.690001,63.189999
11/17/2020,11899.33984,18.120001,63.73
11/18/2020,11801.59961,18.07,63.799999
11/19/2020,11904.70996,18.780001,65.730003
11/20/2020,11854.96973,18.76,64.010002
11/23/2020,11880.62988,19.370001,66.900002
11/24/2020,12036.79004,19.620001,70.099998
11/25/2020,12094.40039,20.41,69.370003
11/27/2020,12205.84961,20.73,70.099998
11/30/2020,12198.74023,21.25,68.120003
12/1/2020,12355.11035,21.91,67.839996
12/2/2020,12349.37012,22.24,68.5
12/3/2020,12377.17969,22.83,71.129997
12/4/2020,12464.23047,22.84,73.839996
12/7/2020,12519.9502,23.58,74.860001
12/8/2020,12582.76953,23.389999,75.269997
12/9/2020,12338.9502,23.09,71.779999
12/10/2020,12405.80957,22.85,71.129997
12/11/2020,12377.87012,22.77,69.900002
12/14/2020,12440.04004,22.809999,71.809998
12/15/2020,12595.05957,23.66,75.239998
12/16/2020,12658.19043,24.24,75.839996
12/17/2020,12764.75,24.24,77.059998
12/18/2020,12755.63965,24.74,75.440002
12/21/2020,12742.51953,23.9,73.830002
12/22/2020,12807.91992,24.200001,74.309998
12/23/2020,12771.11035,24.139999,76.68
12/24/2020,12804.73047,24.379999,75.839996
12/28/2020,12899.41992,24.940001,73.639999
12/29/2020,12850.21973,24.309999,73.370003
12/30/2020,12870,24.139999,73.690002
12/31/2020,12888.28027,24.01,74.269997
1/4/2021,12698.4502,24.280001,71.599998
1/5/2021,12818.95996,24.799999,74.769997
1/6/2021,12740.79004,25.790001,76.239998
1/7/2021,13067.48047,26.16,78.059998
1/8/2021,13201.98047,26.370001,78.800003
1/11/2021,13036.42969,26.57,78.269997
1/12/2021,13072.42969,27.32,79.080002
1/13/2021,13128.9502,26.84,76.519997
1/14/2021,13112.63965,27.049999,78.160004
1/15/2021,12998.5,27,80
1/19/2021,13197.17969,27.26,80.669998
1/20/2021,13457.25,28.93,80.050003
1/21/2021,13530.91016,28.610001,80.720001
1/22/2021,13543.05957,28.950001,79.529999
1/25/2021,13635.99023,28.9,78.400002
1/26/2021,13626.05957,28.870001,74.360001
1/27/2021,13270.59961,27.129999,66.870003
1/28/2021,13337.16016,27.379999,73.739998
1/29/2021,13070.69043,27.889999,70.389999
2/1/2021,13403.38965,28.51,70.800003
2/2/2021,13612.78027,28.51,76
2/3/2021,13610.54004,29.48,76.75
2/4/2021,13777.74023,30.6,79.480003
2/5/2021,13856.29981,30.780001,82.879997
2/8/2021,13987.63965,31.74,82.849998
2/9/2021,14007.7002,31.389999,81.57
2/10/2021,13972.53027,31.620001,79.610001
2/11/2021,14025.76953,30.66,78.470001
2/12/2021,14095.46973,29.93,80.239998
2/16/2021,14047.5,28.27,78.339996
2/17/2021,13965.49023,28.4,78.610001
2/18/2021,13865.36035,27.469999,79.269997
2/19/2021,13874.45996,28.1,83.160004
2/22/2021,13533.04981,27.370001,84.709999
2/23/2021,13465.2002,27.73,85.769997
2/24/2021,13597.96973,27.84,89.809998
2/25/2021,13119.42969,27.200001,85.139999
2/26/2021,13192.34961,27.950001,93.440002
3/1/2021,13588.83008,28.99,94.059998
3/2/2021,13358.79004,28.5,92.980003
3/3/2021,12997.75,27.719999,95.559998
3/4/2021,12723.46973,27.32,90.82
3/5/2021,12920.15039,28.6,93.309998
3/8/2021,12609.16016,29.52,95.07
3/9/2021,13073.82031,30.280001,93.779999
3/10/2021,13068.83008,30.299999,98.389999
3/11/2021,13398.66992,30.82,100.75
3/12/2021,13319.86035,30.9,100.620003
3/15/2021,13459.70996,30.360001,101.199997
3/16/2021,13471.57031,29.57,95.800003
3/17/2021,13525.2002,29.639999,96.040001
3/18/2021,13116.16992,29.219999,90.599998
3/19/2021,13215.24023,28.43,89.32
3/22/2021,13377.54004,28.530001,88.470001
3/23/2021,13227.7002,26.959999,84.589996
3/24/2021,12961.88965,26.139999,82.900002
3/25/2021,12977.67969,26.629999,86.940002
3/26/2021,13138.73047,27.629999,87.529999
3/29/2021,13059.65039,26.32,82.440002
3/30/2021,13045.38965,26.799999,87.129997
3/31/2021,13246.87012,26.75,87.449997
4/1/2021,13480.11035,27.15,88.940002
4/5/2021,13705.58984,27.110001,90.18
4/6/2021,13698.37988,27.280001,92.5
4/7/2021,13688.83984,27.34,92.589996
4/8/2021,13829.30957,27.26,96.150002
4/9/2021,13900.19043,27.799999,96.330002
4/12/2021,13850,28,94.330002
4/13/2021,13996.09961,27.9,95.730003
4/14/2021,13857.83984,28.93,93.269997
4/15/2021,14038.75977,28.9,93.160004
4/16/2021,14052.33984,29.139999,93.639999
4/19/2021,13914.76953,28.809999,88.75
4/20/2021,13786.26953,28.370001,89.879997
4/21/2021,13950.21973,29.459999,94.279999
4/22/2021,13818.41016,29.139999,94.120003
4/23/2021,14016.80957,29.290001,95.739998
4/26/2021,14138.78027,29.209999,96.980003
4/27/2021,14090.21973,29.58,101.769997
4/28/2021,14051.03027,29.799999,102.599998
4/29/2021,14082.54981,29.780001,99.470001
4/30/2021,13962.67969,28.950001,97.839996
5/3/2021,13895.12012,29.049999,96.910004
5/4/2021,13633.5,28.870001,95.529999
5/5/2021,13582.41992,28.84,102.980003
5/6/2021,13632.83984,30.940001,102.220001
5/7/2021,13752.24023,31.129999,105.75
5/10/2021,13401.86035,29.93,104.68
5/11/2021,13389.42969,33.889999,100.769997
5/12/2021,13031.67969,31.549999,92.410004
5/13/2021,13124.99023,32.580002,94.370003
5/14/2021,13429.98047,33.82,98.610001
5/17/2021,13379.04981,34.490002,100.370003
5/18/2021,13303.63965,35.110001,100.150002
5/19/2021,13299.74023,34.060001,96.5
5/20/2021,13535.74023,34,100.589996
5/21/2021,13470.99023,33.959999,100.209999
5/24/2021,13661.16992,34.860001,105.080002
5/25/2021,13657.16992,35.27,107.059998
5/26/2021,13738,37.18,106.599998
5/27/2021,13736.28027,37.060001,107.93
5/28/2021,13748.74023,36.919998,107.449997
6/1/2021,13736.48047,37.290001,109.550003
6/2/2021,13756.33008,37.209999,109.699997
6/3/2021,13614.50977,36.369999,109.57
6/4/2021,13814.49023,35.310001,110.639999
6/7/2021,13881.71973,35.580002,110.599998
6/8/2021,13924.91016,36.43,111.699997
6/9/2021,13911.75,35.77,110.830002
6/10/2021,14020.33008,35.259998,111.400002
6/11/2021,14069.41992,34.41,110.309998
6/14/2021,14174.13965,34.509998,106.620003
6/15/2021,14072.86035,34.459999,106.5
6/16/2021,14039.67969,34.330002,107.089996
6/17/2021,14161.34961,33.23,103.830002
6/18/2021,14030.37988,31.940001,100.059998
6/21/2021,14141.48047,33.450001,103.82
6/22/2021,14253.26953,33.91,104.309998
6/23/2021,14271.73047,34.029999,103.220001
6/24/2021,14369.70996,34.099998,104.730003
6/25/2021,14360.38965,33.57,102.43
6/28/2021,14500.50977,33.650002,100.540001
6/29/2021,14528.33008,33.610001,100.879997
6/30/2021,14503.9502,33.73,103.75
7/1/2021,14522.37988,33.529999,102.900002
7/2/2021,14639.33008,33.27,102.410004
7/6/2021,14663.63965,32.740002,98.449997
7/7/2021,14665.05957,32.299999,95.550003
7/8/2021,14559.78027,32.380001,94.559998
7/9/2021,14701.91992,32.779999,96.860001
7/12/2021,14733.24023,32.68,98.349998
7/13/2021,14677.65039,32.330002,96.769997
7/14/2021,14644.9502,31.459999,94.519997
7/15/2021,14543.12988,30.870001,94.470001
7/16/2021,14427.24023,29.809999,89.900002
7/19/2021,14274.98047,29.6,87.769997
7/20/2021,14498.87988,31.4,91.300003
7/21/2021,14631.9502,32.599998,93.989998
7/22/2021,14684.59961,31.9,92.519997
7/23/2021,14836.99023,31.98,90.309998
7/26/2021,14840.70996,32.75,93.25
7/27/2021,14660.58008,31.67,92.510002
7/28/2021,14762.58008,31.82,92.370003
7/29/2021,14778.25977,31.98,89.860001
7/30/2021,14672.67969,31.68,87.360001
8/2/2021,14681.07031,32.560001,86.5
8/3/2021,14761.29004,33.189999,86.779999
8/4/2021,14780.53027,33.060001,84.989998
8/5/2021,14895.12012,32.619999,90.5
8/6/2021,14835.75977,33.110001,90.5
8/9/2021,14860.17969,33.689999,90.839996
8/10/2021,14788.08984,31.73,90.57
8/11/2021,14765.13965,31.08,92.949997
8/12/2021,14816.25977,30.549999,93.760002
8/13/2021,14822.90039,29.32,91.019997
8/16/2021,14793.75977,29.75,87.400002
8/17/2021,14656.17969,28.700001,84.110001
8/18/2021,14525.91016,28.040001,85.010002
8/19/2021,14541.79004,27.719999,82.470001
8/20/2021,14714.66016,28.549999,85.639999
8/23/2021,14942.65039,28.33,89.279999
8/24/2021,15019.79981,29.09,93.860001
8/25/2021,15041.86035,29.08,97.699997
8/26/2021,14945.80957,28.57,99.989998
8/27/2021,15129.5,29.049999,104.239998
8/30/2021,15265.88965,28.450001,102.120003
8/31/2021,15259.24023,28.059999,101.629997
9/1/2021,15309.37988,28.01,101.889999
9/2/2021,15331.17969,27.639999,103.5
9/3/2021,15363.51953,27.84,103.559998
9/7/2021,15374.33008,28.92,107.080002
9/8/2021,15286.63965,27.58,105.889999
9/9/2021,15248.25,28.35,106.589996
9/10/2021,15115.49023,28.360001,104.190002
9/13/2021,15105.58008,28.25,104.339996
9/14/2021,15037.75977,27.08,103.07
9/15/2021,15161.53027,30.09,107.330002
9/16/2021,15181.91992,31.01,108.57
9/17/2021,15043.96973,30.57,106.07
9/20/2021,14713.90039,30.129999,104.75
9/21/2021,14746.40039,29.959999,105.040001
9/22/2021,14896.84961,31.040001,109.910004
9/23/2021,15052.24023,30.540001,111.620003
9/24/2021,15047.7002,30.280001,112.349998
9/27/2021,14969.96973,30.09,116.349998
9/28/2021,14546.67969,29.23,115.480003
9/29/2021,14512.44043,28.51,113.400002
9/30/2021,14448.58008,27.629999,112.279999
10/1/2021,14566.7002,28.690001,119.489998
10/4/2021,14255.48047,28.450001,118.110001
10/5/2021,14433.83008,28.200001,114.760002
10/6/2021,14501.91016,27.67,114.339996
10/7/2021,14654.01953,28.049999,116.150002
10/8/2021,14579.54004,27.42,113.959999
10/11/2021,14486.2002,26.6,114.769997
10/12/2021,14465.91992,27.43,117.059998
10/13/2021,14571.63965,27.299999,114.959999
10/14/2021,14823.42969,27.67,114.519997
10/15/2021,14897.33984,27.42,110.709999
10/18/2021,15021.80957,27.9,113
10/19/2021,15129.08984,27.85,113.93
10/20/2021,15121.67969,27.530001,113.529999
10/21/2021,15215.7002,27.93,113.309998
10/22/2021,15090.2002,27.59,112.050003
10/25/2021,15226.70996,27.809999,111.940002
10/26/2021,15235.70996,27.41,112.779999
10/27/2021,15235.83984,26.860001,110.760002
10/28/2021,15448.12012,26.93,110.889999
10/29/2021,15498.38965,27.049999,109.459999
11/1/2021,15595.91992,28.030001,112.059998
11/2/2021,15649.59961,27.92,111.739998
11/3/2021,15811.58008,28.41,110.690002
11/4/2021,15940.30957,28.799999,103.120003
11/5/2021,15971.58984,29.4,106.480003
11/8/2021,15982.36035,29.01,105.300003
11/9/2021,15886.54004,28.98,103.07
11/10/2021,15622.70996,29.58,99.980003
11/11/2021,15704.28027,29.299999,101.889999
11/12/2021,15860.95996,29.209999,106
11/15/2021,15853.84961,29.780001,103.230003
11/16/2021,15973.86035,30.530001,103.190002
11/17/2021,15921.57031,30.25,100.699997
11/18/2021,15993.70996,29.85,96.089996
11/19/2021,16057.44043,29.290001,95.400002
11/22/2021,15854.75977,28.620001,94.370003
11/23/2021,15775.13965,27.77,93.940002
11/24/2021,15845.23047,28.139999,93.940002
11/26/2021,15491.66016,27.24,91.199997
11/29/2021,15782.83008,27.32,93.480003
11/30/2021,15537.69043,26.959999,90.07
12/1/2021,15254.04981,25.5,83.07
12/2/2021,15381.32031,26.48,90.029999
12/3/2021,15085.46973,25.4,86.589996
12/6/2021,15225.15039,26.620001,92.040001
12/7/2021,15686.91992,28.370001,90.379997
12/8/2021,15786.99023,28.75,93.25
12/9/2021,15517.37012,28.16,90.809998
12/10/2021,15630.59961,28.08,88.980003
12/13/2021,15413.28027,27.58,85.220001
12/14/2021,15237.63965,27.09,86.160004
12/15/2021,15565.58008,26.93,87.160004
12/16/2021,15180.42969,25.940001,85.879997
12/17/2021,15169.67969,25.99,87.910004
12/20/2021,14980.94043,24.43,86.300003
12/21/2021,15341.08984,27.030001,93.849998
12/22/2021,15521.88965,27.02,93.419998
12/23/2021,15653.37012,27.01,94.760002
12/27/2021,15871.25977,27.51,94.150002
12/28/2021,15781.71973,27.299999,92.779999
12/29/2021,15766.21973,27.35,92.379997
12/30/2021,15741.55957,27.629999,92.989998
12/31/2021,15644.96973,27.440001,93.529999
1/3/2022,15832.79981,27.73,93.470001
