fga,fg_pct,fga3,fg3_pct,fta,ft_pct,orb,drb,ast,stl,blk,tov,opp_fga,opp_fg_pct,opp_fga3,opp_fg3_pct,opp_fta,opp_ft_pct,opp_orb,opp_drb,opp_ast,opp_stl,opp_blk,opp_tov,win
43,41.9,19,26.3,32,56.3,11,30,6,5,2,22,55,38.2,18,16.7,24,70.8,9,22,5,12,4,13,FALSE
58,37.9,26,30.8,14,78.6,11,30,11,6,3,12,55,36.4,30,33.3,25,76,11,26,15,7,5,10,FALSE
52,32.7,18,33.3,14,50,12,20,11,5,2,11,48,47.9,27,51.9,11,63.6,6,28,20,6,4,11,FALSE
63,41.3,21,19,22,63.6,12,30,10,11,6,14,62,40.3,22,22.7,13,61.5,11,29,9,5,2,17,TRUE
38,44.7,19,31.6,31,74.2,5,27,9,5,8,19,57,33.3,23,17.4,24,62.5,13,20,9,6,3,14,TRUE
58,36.2,28,25,36,69.4,15,36,12,4,2,12,64,34.4,26,23.1,21,66.7,9,30,10,3,1,9,TRUE
53,56.6,14,42.9,34,55.9,8,21,22,6,3,10,59,49.2,16,25,27,70.4,11,22,19,6,1,11,TRUE
61,45.9,25,52,10,80,5,21,18,13,4,12,56,42.9,20,30,11,54.5,13,28,12,6,1,24,TRUE
42,50,16,37.5,19,68.4,8,20,7,4,7,11,50,40,20,25,14,64.3,14,15,7,4,2,12,TRUE
55,43.6,23,34.8,20,85,10,23,12,6,3,10,56,50,18,38.9,8,87.5,4,22,14,6,2,10,TRUE
52,36.5,19,42.1,20,75,12,26,11,5,3,15,55,41.8,22,9.1,12,83.3,7,23,9,6,6,11,TRUE
49,44.9,19,26.3,17,100,3,28,11,8,8,14,62,32.3,29,31,14,71.4,16,22,11,7,2,14,TRUE
53,47.2,23,39.1,19,63.2,5,18,14,10,2,6,51,45.1,20,45,23,60.9,14,23,11,3,2,17,TRUE
60,43.3,21,23.8,27,74.1,11,23,13,10,2,12,54,46.3,21,42.9,13,69.2,7,27,12,6,3,20,TRUE
50,42,24,37.5,12,50,7,24,15,6,5,11,56,35.7,22,31.8,14,78.6,13,26,12,3,4,12,FALSE
67,38.8,29,20.7,24,79.2,18,25,7,3,2,6,57,47.4,17,47.1,31,74.2,9,27,10,3,2,5,FALSE
57,40.4,20,35,13,69.2,13,24,14,4,1,14,54,44.4,19,36.8,17,76.5,7,23,14,6,7,9,FALSE
55,49.1,15,33.3,25,68,4,32,14,8,9,9,72,34.7,27,44.4,16,75,17,25,15,5,2,12,TRUE
75,33.3,31,29,15,60,26,23,13,9,3,14,44,54.5,16,56.3,27,59.3,4,26,13,6,11,14,FALSE
57,38.6,29,44.8,17,70.6,13,22,17,5,7,10,55,41.8,25,60,15,80,12,24,16,5,6,13,FALSE
54,53.7,22,50,21,52.4,6,25,14,5,1,4,69,42,34,38.2,7,100,14,24,19,2,2,6,TRUE
61,47.5,28,42.9,37,75.7,15,24,20,11,6,13,60,38.3,18,16.7,24,75,17,21,15,5,4,17,TRUE
47,46.8,18,27.8,23,52.2,9,19,12,6,1,16,58,50,22,45.5,7,85.7,11,20,15,8,0,10,FALSE
63,41.3,18,33.3,15,40,9,28,6,4,5,9,56,44.6,21,23.8,19,68.4,5,34,13,6,6,9,FALSE
54,46.3,14,35.7,14,71.4,5,23,12,11,2,13,55,43.6,16,31.3,13,84.6,9,25,6,7,1,18,TRUE
48,45.8,15,20,24,75,7,20,15,9,3,7,47,42.6,24,25,13,69.2,10,21,10,4,2,18,TRUE
58,41.4,29,37.9,16,87.5,12,19,16,10,1,13,45,46.7,15,33.3,19,78.9,8,21,12,8,3,17,TRUE
55,41.8,25,40,20,80,9,19,15,6,5,6,55,41.8,27,25.9,11,54.5,14,26,14,4,3,15,TRUE
55,45.5,22,22.7,25,80,10,26,8,2,6,6,61,44.3,17,41.2,13,84.6,9,23,8,5,3,6,TRUE
62,38.7,17,23.5,34,61.8,16,19,11,11,4,13,58,50,27,29.6,31,61.3,16,29,17,7,0,18,FALSE
64,51.6,14,42.9,13,61.5,11,27,10,7,3,11,62,43.5,30,40,17,58.8,13,23,12,7,3,14,TRUE
41,46.3,17,29.4,22,68.2,6,27,7,8,0,17,49,32.7,23,21.7,11,72.7,7,18,7,10,2,13,TRUE
59,40.7,20,25,18,66.7,14,28,13,8,3,15,58,41.4,26,34.6,7,57.1,7,26,13,10,5,17,TRUE
52,42.3,27,44.4,7,71.4,8,23,15,4,4,13,52,50,18,33.3,16,75,5,23,17,8,2,6,FALSE
55,27.3,20,20,17,76.5,9,23,11,3,3,14,57,54.4,20,50,11,45.5,8,31,17,9,5,12,FALSE
59,54.2,21,42.9,14,78.6,9,22,20,3,2,7,46,45.7,18,33.3,24,70.8,8,20,9,5,4,13,TRUE
50,42,28,35.7,23,91.3,10,21,13,5,2,12,51,43.1,18,33.3,16,81.3,8,19,10,8,4,13,TRUE
55,54.5,16,25,33,87.9,5,28,14,12,4,12,62,41.9,22,36.4,13,61.5,11,22,19,3,1,19,TRUE
59,42.4,22,31.8,33,66.7,18,28,9,9,1,12,50,42,21,38.1,29,72.4,7,23,12,7,1,15,TRUE
54,42.6,21,38.1,14,78.6,8,25,12,6,3,10,56,39.3,23,26.1,11,90.9,9,25,7,6,0,13,TRUE
59,45.8,30,43.3,19,63.2,7,32,19,6,3,13,64,34.4,28,21.4,22,59.1,13,29,8,7,5,11,TRUE
54,40.7,20,55,9,22.2,8,18,13,4,1,8,49,53.1,29,55.2,12,58.3,7,29,19,6,5,11,FALSE
63,55.6,28,53.6,8,62.5,15,25,21,1,10,10,57,42.1,14,28.6,17,70.6,11,15,9,2,6,9,TRUE
65,43.1,21,38.1,12,83.3,11,25,12,2,5,7,63,44.4,30,33.3,13,69.2,13,28,12,7,6,11,FALSE
57,52.6,22,36.4,20,65,12,23,20,13,4,21,39,23.1,16,18.8,41,70.7,10,17,5,10,2,26,TRUE
58,43.1,24,41.7,24,58.3,11,19,17,11,1,12,52,46.2,20,35,16,75,11,25,11,9,4,23,TRUE
49,55.1,20,40,34,64.7,8,21,13,5,5,9,57,49.1,18,38.9,15,60,10,19,13,5,1,14,TRUE
58,39.7,30,36.7,17,76.5,11,23,14,5,5,10,52,48.1,16,31.3,15,86.7,6,25,16,6,3,10,TRUE
62,50,29,37.9,15,73.3,15,23,14,5,3,8,55,43.6,20,45,18,83.3,8,19,11,4,3,8,TRUE
62,45.2,24,29.2,24,83.3,12,23,15,5,7,15,62,53.2,18,44.4,26,69.2,11,23,19,10,7,12,FALSE
58,36.2,14,28.6,12,66.7,10,25,9,7,1,14,54,42.6,22,45.5,12,83.3,9,29,15,7,7,14,FALSE
56,44.6,24,25,11,63.6,15,17,13,5,7,13,57,40.4,26,34.6,17,88.2,16,17,17,5,2,11,FALSE
51,35.3,16,18.8,20,70,11,23,10,4,6,11,64,45.3,23,39.1,13,61.5,16,26,16,7,2,8,FALSE
54,38.9,22,45.5,10,70,11,23,15,5,5,10,54,38.9,16,18.8,15,53.3,13,20,11,8,2,10,TRUE
71,38,26,30.8,24,62.5,11,32,13,8,4,13,68,41.2,30,30,23,73.9,12,37,13,5,5,15,FALSE
47,44.7,19,21.1,26,69.2,11,18,10,5,2,12,51,54.9,17,47.1,12,58.3,7,19,17,6,0,9,FALSE
49,36.7,20,25,12,75,8,22,9,4,3,14,56,51.8,25,48,10,80,6,24,17,8,4,7,FALSE
65,35.4,32,28.1,8,87.5,15,20,14,9,4,13,54,50,16,43.8,13,76.9,5,28,18,5,3,12,FALSE
47,48.9,21,33.3,18,88.9,7,27,8,3,3,11,53,37.7,23,34.8,18,50,11,18,9,6,5,9,TRUE
54,40.7,29,41.4,35,85.7,13,17,12,7,5,9,49,34.7,25,36,28,64.3,15,19,6,4,3,19,TRUE
50,42,19,26.3,24,70.8,9,18,8,5,2,9,55,52.7,24,58.3,11,54.5,9,25,19,6,2,10,FALSE
53,52.8,20,40,18,77.8,6,25,17,7,6,19,59,33.9,23,13,15,66.7,15,21,14,11,4,24,TRUE
52,34.6,23,21.7,15,66.7,14,21,10,3,2,15,54,44.4,23,39.1,9,88.9,10,21,11,9,1,12,FALSE
58,37.9,25,44,16,81.3,11,24,14,6,5,10,53,43.4,18,27.8,11,90.9,7,27,8,3,7,14,TRUE
60,43.3,23,34.8,11,81.8,8,20,13,4,6,5,67,43.3,28,35.7,7,71.4,18,26,16,3,3,9,FALSE
58,48.3,14,42.9,12,58.3,9,30,13,4,3,9,61,41,31,32.3,9,77.8,7,24,11,7,7,8,TRUE
53,45.3,21,38.1,35,74.3,11,26,12,3,3,10,54,42.6,22,27.3,34,67.6,12,21,11,3,2,11,TRUE
60,43.3,22,40.9,24,58.3,16,26,18,9,2,17,69,44.9,20,10,11,72.7,13,24,17,13,5,11,TRUE
52,61.5,20,50,17,64.7,5,31,18,6,3,8,51,31.4,24,16.7,15,66.7,6,17,9,6,2,10,TRUE
56,60.7,26,61.5,13,53.8,9,21,19,5,2,8,48,45.8,21,42.9,12,75,5,18,8,3,2,13,TRUE
54,51.9,23,47.8,14,78.6,6,29,16,7,5,10,63,38.1,18,33.3,12,58.3,12,21,7,4,1,10,TRUE
53,39.6,24,33.3,19,73.7,12,29,14,6,6,10,57,31.6,21,38.1,5,100,10,21,9,5,4,12,TRUE
82,43.9,31,32.3,33,66.7,18,34,23,10,3,24,80,47.5,27,33.3,20,55,11,34,14,17,7,24,FALSE
67,41.8,19,15.8,32,78.1,12,32,11,5,4,7,64,40.6,32,53.1,13,84.6,6,28,12,3,1,11,TRUE
62,41.9,24,50,24,83.3,19,23,17,4,7,11,62,50,27,55.6,11,54.5,10,19,21,6,5,13,TRUE
63,42.9,29,37.9,5,40,8,26,11,3,6,13,56,39.3,23,34.8,23,87,11,30,14,6,3,15,FALSE
53,54.7,25,60,15,86.7,7,19,18,3,2,8,55,45.5,17,35.3,17,76.5,13,17,9,4,3,10,TRUE
49,59.2,21,47.6,29,82.8,2,25,16,7,3,16,62,41.9,28,39.3,25,68,15,20,12,10,0,17,TRUE
62,38.7,25,36,14,64.3,15,15,15,10,2,12,58,56.9,21,38.1,8,87.5,10,23,22,6,5,12,FALSE
47,44.7,17,29.4,30,63.3,5,22,12,8,5,10,44,47.7,16,37.5,20,60,7,30,13,9,1,19,TRUE
48,41.7,16,31.3,10,70,8,16,14,6,5,14,49,46.9,16,31.3,14,92.9,7,22,15,8,3,13,FALSE
50,50,18,50,16,68.8,4,29,12,7,8,7,54,29.6,18,22.2,20,75,11,20,3,2,3,9,TRUE
57,49.1,23,39.1,22,72.7,3,28,16,8,0,9,66,40.9,31,22.6,11,63.6,12,29,8,4,1,15,TRUE
69,47.8,27,40.7,18,72.2,18,26,15,7,2,14,64,43.8,24,29.2,20,60,13,21,11,8,4,14,TRUE
60,35,24,29.2,22,68.2,9,36,16,4,3,10,64,39.1,29,17.2,18,66.7,7,32,14,6,6,6,FALSE
59,37.3,19,21.1,9,88.9,8,16,9,6,4,9,50,54,17,52.9,9,66.7,7,28,15,3,7,15,FALSE
59,44.1,16,37.5,30,66.7,12,31,14,7,6,12,67,35.8,31,19.4,24,66.7,18,25,7,7,3,13,TRUE
54,44.4,19,42.1,26,65.4,8,27,12,3,4,14,65,43.1,26,42.3,13,100,10,27,13,8,5,9,FALSE
60,50,24,45.8,18,77.8,6,26,18,6,10,5,65,44.6,28,46.4,9,66.7,13,27,15,2,0,12,TRUE
58,44.8,29,31,17,41.2,11,23,15,12,2,7,53,41.5,17,29.4,6,66.7,8,23,9,6,0,12,TRUE
56,48.2,22,45.5,16,56.3,10,28,17,8,5,16,62,43.5,29,27.6,12,66.7,9,23,13,9,8,13,TRUE
62,45.2,12,33.3,13,84.6,5,31,12,6,1,8,71,38,30,30,13,69.2,16,30,12,5,6,9,FALSE
58,43.1,25,36,10,70,14,21,12,3,5,14,58,51.7,25,52,14,71.4,10,22,15,8,5,8,FALSE
62,41.9,25,32,15,66.7,13,23,17,9,4,9,52,44.2,17,29.4,15,66.7,9,27,13,6,4,18,TRUE
57,45.6,18,33.3,18,88.9,7,23,10,12,6,15,67,38.8,19,36.8,22,90.9,19,25,18,12,3,17,FALSE
55,41.8,11,27.3,22,72.7,12,29,11,6,5,13,56,35.7,25,32,16,56.3,7,25,10,11,4,8,TRUE
63,34.9,27,29.6,9,77.8,8,21,11,9,3,7,50,42,22,27.3,18,83.3,10,33,9,2,6,17,FALSE
63,52.4,20,40,16,87.5,11,32,16,8,7,16,69,43.5,22,27.3,17,47.1,13,20,18,3,2,11,TRUE
71,39.4,18,16.7,13,53.8,17,24,10,8,6,11,54,48.1,19,36.8,25,76,7,29,12,9,7,11,FALSE
61,45.9,25,40,29,55.2,9,20,12,7,1,7,68,45.6,30,36.7,18,77.8,18,33,17,4,3,16,FALSE
54,46.3,22,27.3,25,84,10,29,13,5,2,11,48,39.6,27,29.6,25,80,5,20,10,4,2,12,TRUE
58,34.5,33,33.3,17,64.7,10,26,16,3,7,11,68,41.2,29,41.4,5,80,15,31,11,4,3,10,FALSE
62,30.6,19,10.5,32,62.5,16,30,7,7,7,15,74,43.2,24,41.7,17,64.7,17,34,24,8,7,11,FALSE
52,55.8,20,30,34,82.4,6,26,20,11,8,12,68,39.7,22,40.9,22,72.7,14,19,10,6,2,13,TRUE
52,40.4,16,43.8,18,88.9,9,27,12,4,2,11,44,34.1,23,26.1,27,59.3,8,24,8,9,6,15,TRUE
67,47.8,23,30.4,21,76.2,12,28,16,13,6,12,63,42.9,15,40,12,66.7,9,27,14,6,2,18,TRUE
69,47.8,31,41.9,15,73.3,15,24,19,1,1,7,56,42.9,26,38.5,20,75,11,24,7,4,0,13,TRUE
65,33.8,18,22.2,28,60.7,19,18,6,5,0,16,62,58.1,23,30.4,16,50,13,29,24,7,13,17,FALSE
73,42.5,28,28.6,17,70.6,10,23,17,12,8,13,64,45.3,25,40,26,84.6,14,37,20,4,5,23,FALSE
38,44.7,16,37.5,16,56.3,3,29,12,5,4,18,57,29.8,27,18.5,19,68.4,13,22,12,3,2,9,FALSE
48,41.7,26,23.1,23,65.2,7,28,12,5,7,15,53,35.8,20,25,17,58.8,11,25,14,7,2,17,TRUE
61,52.5,20,45,33,48.5,7,24,15,6,6,12,68,45.6,28,25,23,73.9,14,27,17,2,5,18,TRUE
57,38.6,25,28,9,55.6,6,15,6,4,0,9,55,60,19,42.1,14,64.3,8,33,17,5,6,11,FALSE
64,42.2,26,23.1,13,61.5,11,27,15,7,3,9,54,37,18,22.2,22,81.8,8,23,10,3,0,12,TRUE
61,34.4,26,26.9,23,87,11,29,11,7,5,10,65,40,21,28.6,10,80,11,30,9,4,3,12,TRUE
54,25.9,19,15.8,17,70.6,8,28,5,7,2,7,57,40.4,23,43.5,12,58.3,10,36,11,4,2,8,FALSE
71,42.3,20,35,25,76,21,23,16,9,6,13,55,45.5,13,46.2,28,85.7,9,25,13,8,4,17,TRUE
58,34.5,22,13.6,27,70.4,13,18,13,9,3,14,54,51.9,26,42.3,26,61.5,10,30,17,8,1,14,FALSE
62,40.3,25,32,24,83.3,17,22,16,8,7,17,65,46.2,24,45.8,15,60,15,19,14,7,3,14,FALSE
48,47.9,25,44,23,82.6,6,31,16,5,5,15,73,34.2,33,21.2,9,88.9,18,21,11,7,0,12,TRUE
57,31.6,33,21.2,21,76.2,16,16,13,10,4,19,42,59.5,12,50,27,63,7,25,16,15,4,22,FALSE
80,38.7,43,20.9,27,74.1,14,34,21,8,12,12,80,43.8,25,44,19,73.7,13,38,13,3,5,15,FALSE
46,34.8,17,29.4,46,82.6,10,28,8,7,6,12,58,34.5,22,9.1,27,74.1,15,24,8,7,8,12,TRUE
52,44.2,11,18.2,28,82.1,12,29,10,8,4,11,73,37,29,20.7,9,77.8,18,21,10,8,4,9,TRUE
53,58.5,24,54.2,6,100,8,19,18,4,2,9,44,43.2,21,33.3,17,82.4,6,13,10,6,1,9,TRUE
68,39.7,21,42.9,20,60,16,31,15,6,2,11,61,41,28,35.7,14,64.3,7,29,13,2,8,11,TRUE
62,46.8,29,41.4,14,71.4,12,29,16,6,2,12,60,45,23,30.4,12,75,6,24,14,6,3,12,TRUE
53,50.9,16,43.8,14,78.6,7,23,13,5,2,10,44,47.7,11,36.4,21,66.7,5,20,7,6,7,13,TRUE
55,49.1,21,42.9,18,72.2,6,17,13,7,2,11,60,55,20,45,14,71.4,13,25,26,7,1,15,FALSE
54,46.3,26,46.2,23,52.2,9,28,17,8,10,14,65,33.8,35,31.4,14,57.1,18,26,8,4,2,17,TRUE
59,40.7,28,25,24,75,10,28,15,4,4,9,69,43.5,19,36.8,15,66.7,13,30,15,4,3,7,FALSE
51,56.9,26,42.3,22,81.8,4,19,15,8,4,11,48,37.5,24,33.3,38,71.1,14,19,8,3,0,16,TRUE
50,38,10,10,24,50,6,27,13,6,6,17,66,47,24,29.2,14,71.4,11,32,21,5,2,11,FALSE
51,51,14,14.3,31,58.1,10,22,6,5,1,8,53,52.8,17,17.6,17,64.7,7,23,8,4,4,8,TRUE
55,49.1,21,61.9,28,71.4,12,27,16,6,4,15,67,41.8,25,32,24,75,16,22,12,4,4,9,TRUE
67,53.7,34,47.1,17,88.2,10,25,25,9,2,13,61,44.3,28,46.4,16,93.8,10,22,21,8,1,16,FALSE
55,45.5,22,45.5,21,81,6,25,14,1,1,8,58,44.8,17,29.4,14,78.6,7,26,13,1,1,11,TRUE
52,46.2,19,26.3,15,66.7,9,25,11,8,2,14,65,32.3,30,23.3,15,80,20,20,15,9,4,13,TRUE
53,41.5,15,20,20,85,11,23,6,5,3,14,65,43.1,23,30.4,20,80,16,23,15,9,7,13,FALSE
57,38.6,21,33.3,21,81,12,29,14,6,6,7,55,30.9,24,25,7,71.4,10,27,10,5,3,11,TRUE
53,49.1,30,46.7,8,87.5,4,24,22,7,11,6,59,33.9,29,27.6,6,83.3,15,24,11,4,1,13,TRUE
53,49.1,23,34.8,29,82.8,7,19,13,5,3,15,65,46.2,27,44.4,7,71.4,15,23,14,6,2,23,TRUE
58,41.4,21,9.5,19,84.2,11,27,14,13,7,13,58,41.4,10,30,6,33.3,10,24,11,10,3,19,TRUE
61,36.1,29,27.6,8,37.5,10,23,10,1,3,7,67,52.2,18,44.4,7,57.1,11,34,12,2,5,2,FALSE
54,44.4,24,37.5,13,92.3,7,19,11,3,0,15,51,49,7,0,26,65.4,10,23,5,8,4,15,TRUE
56,39.3,23,34.8,16,87.5,9,30,14,8,4,12,54,35.2,21,28.6,13,53.8,9,27,8,4,4,17,TRUE
56,44.6,23,21.7,6,100,11,32,12,2,3,16,65,41.5,23,30.4,10,40,12,19,17,6,2,7,FALSE
48,52.1,30,46.7,20,70,8,23,23,4,2,13,55,36.4,28,32.1,14,50,9,17,7,8,2,14,TRUE
55,41.8,29,24.1,18,72.2,8,18,11,5,3,10,50,56,20,60,14,71.4,6,28,20,5,4,14,FALSE
66,34.8,24,33.3,9,77.8,18,18,9,7,3,9,59,54.2,19,52.6,16,56.3,13,26,13,8,6,9,FALSE
64,34.4,26,26.9,21,66.7,16,19,10,8,4,8,52,46.2,10,40,19,73.7,11,28,15,2,6,16,FALSE
60,35,16,12.5,13,76.9,6,28,15,8,7,16,61,47.5,27,48.1,11,54.5,7,32,21,10,2,15,FALSE
47,55.3,27,51.9,21,76.2,6,24,17,4,7,14,53,45.3,22,36.4,21,61.9,10,17,2,7,1,12,TRUE
56,41.1,33,36.4,14,85.7,7,20,14,11,1,16,51,58.8,19,47.4,15,86.7,3,25,13,11,3,15,FALSE
45,46.7,22,40.9,23,87,8,17,13,5,0,14,52,55.8,26,42.3,15,53.3,9,17,11,6,1,12,FALSE
68,26.5,20,10,19,84.2,20,19,3,6,2,11,56,51.8,24,41.7,18,77.8,11,31,16,6,3,11,FALSE
63,55.6,26,26.9,23,60.9,15,33,15,12,6,18,68,33.8,26,19.2,12,83.3,12,18,12,10,1,15,TRUE
46,34.8,16,25,30,76.7,8,31,10,5,5,14,60,28.3,21,14.3,14,85.7,14,23,5,3,2,14,TRUE
54,16.7,28,7.1,6,66.7,14,22,2,5,3,10,45,35.6,21,33.3,13,61.5,10,32,8,8,3,12,FALSE
67,46.3,23,30.4,8,50,15,20,17,4,2,9,51,52.9,20,50,18,83.3,5,23,10,3,3,9,FALSE
52,42.3,17,35.3,10,60,12,30,16,5,6,14,50,34,21,19,15,53.3,5,19,6,6,2,7,TRUE
62,41.9,29,34.5,9,77.8,7,25,14,4,3,11,69,42,24,25,19,78.9,18,31,16,7,3,10,FALSE
57,31.6,22,22.7,22,68.2,18,21,14,6,1,11,53,41.5,22,31.8,17,82.4,11,24,11,7,6,10,FALSE
53,47.2,18,33.3,11,72.7,7,27,13,8,10,11,59,23.7,22,13.6,8,75,18,23,8,4,3,16,TRUE
45,44.4,24,37.5,21,71.4,5,20,13,4,5,13,53,45.3,27,48.1,12,91.7,10,20,14,3,0,15,FALSE
65,44.6,24,29.2,22,68.2,14,29,14,9,9,7,56,35.7,17,35.3,11,81.8,6,26,9,1,0,14,TRUE
64,42.2,24,37.5,20,75,18,30,16,4,6,18,69,42,21,38.1,18,55.6,14,21,15,9,4,9,TRUE
51,41.2,20,25,24,62.5,10,18,7,9,7,19,55,54.5,22,50,12,75,9,24,25,11,3,21,FALSE
66,56.1,21,38.1,37,83.8,14,27,26,7,7,17,74,50,17,41.2,24,62.5,14,13,17,9,6,11,FALSE
43,30.2,12,33.3,16,75,6,18,8,6,8,16,55,49.1,17,35.3,10,50,11,28,17,7,7,12,FALSE
62,43.5,22,18.2,5,80,11,28,8,10,1,10,56,32.1,28,14.3,7,100,9,24,7,6,1,14,TRUE
46,41.3,28,39.3,13,76.9,6,25,13,6,12,12,53,28.3,19,26.3,17,94.1,14,23,8,9,1,11,TRUE
66,47,26,50,17,76.5,6,26,15,9,4,10,68,47.1,31,45.2,7,100,9,30,14,6,3,16,TRUE
53,41.5,19,36.8,20,80,9,25,10,12,6,13,54,33.3,23,30.4,19,68.4,15,23,12,4,1,18,TRUE
55,47.3,19,42.1,19,84.2,13,24,11,6,8,15,64,40.6,27,51.9,21,61.9,20,16,17,7,4,10,FALSE
61,37.7,23,30.4,36,75,14,20,6,11,2,8,52,48.1,28,42.9,16,81.3,9,27,12,1,1,23,TRUE
60,46.7,24,41.7,7,71.4,14,14,15,8,5,14,45,57.8,21,61.9,23,69.6,8,17,18,12,5,15,FALSE
64,32.8,27,22.2,25,84,20,25,12,8,2,8,54,40.7,23,30.4,13,61.5,12,27,13,7,7,14,TRUE
65,35.4,30,30,7,85.7,18,23,17,2,3,8,45,53.3,20,55,18,55.6,4,25,16,5,6,10,FALSE
52,46.2,18,44.4,19,52.6,12,32,14,5,7,17,69,29,37,27,12,58.3,20,23,13,10,2,12,TRUE
60,41.7,27,33.3,13,76.9,10,31,17,6,3,17,63,36.5,28,25,24,75,11,28,10,12,2,11,FALSE
54,38.9,25,40,17,76.5,7,22,9,3,4,7,55,41.8,19,15.8,15,100,10,28,8,5,2,11,TRUE
62,56.5,26,38.5,16,50,12,31,21,7,6,9,57,38.6,25,44,17,64.7,6,21,13,3,3,9,TRUE
53,47.2,30,43.3,18,72.2,8,18,20,7,3,9,53,43.4,27,40.7,13,84.6,10,21,15,2,4,13,TRUE
49,49,18,27.8,24,83.3,7,35,19,10,4,20,60,35,25,20,22,50,11,20,8,10,3,12,TRUE
54,35.2,19,31.6,14,85.7,3,26,8,5,3,12,57,38.6,13,46.2,7,71.4,10,32,8,5,2,19,TRUE
67,32.8,23,17.4,13,69.2,18,18,8,2,4,20,61,62.3,25,64,11,27.3,9,30,21,13,6,15,FALSE
59,27.1,23,34.8,11,63.6,6,32,9,7,3,14,64,39.1,30,30,14,71.4,10,40,17,7,6,14,FALSE
52,36.5,23,34.8,17,82.4,7,29,12,5,4,8,55,34.5,30,26.7,8,100,7,26,8,6,3,9,TRUE
43,46.5,22,27.3,27,66.7,6,18,11,7,2,15,41,51.2,21,47.6,26,69.2,6,21,14,6,1,14,FALSE
66,53,16,18.8,28,75,14,30,21,9,7,12,66,50,19,31.6,11,54.5,5,21,16,8,3,12,TRUE
54,44.4,15,40,12,83.3,10,30,11,5,2,15,60,36.7,26,15.4,12,75,9,22,11,5,2,10,TRUE
58,39.7,28,10.7,13,69.2,13,15,9,9,2,8,50,46,27,40.7,12,58.3,10,21,14,5,4,13,FALSE
51,45.1,26,30.8,18,77.8,6,21,16,5,4,11,53,49.1,18,44.4,22,68.2,11,24,19,7,2,14,FALSE
60,38.3,23,34.8,16,62.5,8,24,11,5,4,11,60,48.3,18,38.9,17,70.6,10,33,12,4,4,12,FALSE
67,43.3,25,36,26,84.6,17,22,14,11,0,13,64,46.9,29,37.9,15,60,15,24,13,4,4,18,TRUE
57,38.6,30,36.7,16,87.5,9,30,12,5,5,12,54,25.9,28,21.4,18,83.3,10,26,9,7,2,13,TRUE
72,34.7,39,20.5,19,73.7,13,28,9,11,8,20,75,50.7,20,10,14,71.4,10,36,20,10,2,15,FALSE
48,50,19,36.8,24,75,6,28,13,4,12,13,57,33.3,20,35,38,52.6,18,18,12,8,1,8,TRUE
52,51.9,17,47.1,18,77.8,7,25,15,8,3,12,61,41,25,28,13,69.2,13,20,8,3,1,13,TRUE
55,30.9,33,36.4,8,75,7,21,10,2,3,5,56,46.4,17,11.8,10,100,8,31,12,2,7,5,FALSE
59,45.8,25,36,19,89.5,14,22,20,10,4,11,58,43.1,21,33.3,12,66.7,13,20,13,6,3,16,TRUE
61,42.6,20,35,25,72,13,34,11,3,3,10,59,30.5,31,32.3,16,81.3,6,26,13,6,8,10,TRUE
58,32.8,26,23.1,16,93.8,9,18,9,9,2,10,52,36.5,18,27.8,31,77.4,18,31,8,5,2,16,FALSE
70,34.3,23,21.7,19,63.2,19,21,12,9,5,7,59,44.1,29,31,16,87.5,14,30,16,2,6,13,FALSE
67,46.3,30,36.7,30,70,14,33,19,5,7,9,66,37.9,22,31.8,24,70.8,11,26,14,5,2,10,TRUE
56,44.6,19,31.6,17,70.6,13,27,12,3,4,14,56,39.3,21,38.1,13,69.2,6,20,9,10,4,9,TRUE
50,46,26,30.8,29,79.3,7,21,12,6,1,6,50,50,21,33.3,19,78.9,7,22,11,1,4,12,TRUE
61,39.3,26,34.6,23,82.6,15,26,12,4,1,14,54,37,31,35.5,29,82.8,8,26,15,10,5,10,TRUE
62,40.3,29,31,37,91.9,18,28,19,5,2,9,60,48.3,31,45.2,23,56.5,8,17,17,5,3,10,TRUE
44,27.3,14,21.4,28,75,8,26,8,7,5,13,52,42.3,26,38.5,9,88.9,5,29,18,6,6,14,FALSE
54,55.6,17,52.9,17,70.6,11,30,17,3,5,8,56,37.5,17,29.4,7,57.1,6,15,7,4,3,7,TRUE
61,36.1,21,28.6,24,66.7,8,30,12,6,4,4,67,32.8,24,20.8,13,76.9,17,36,10,3,1,14,TRUE
54,48.1,13,23.1,30,76.7,11,26,9,4,9,16,59,40.7,19,47.4,21,76.2,11,19,7,9,1,12,TRUE
52,32.7,23,34.8,16,75,15,20,10,9,1,23,57,54.4,19,21.1,18,72.2,11,21,13,15,5,14,FALSE
41,58.5,16,56.3,20,80,1,24,14,9,1,10,44,38.6,19,31.6,13,69.2,5,19,12,6,2,15,TRUE
63,57.1,17,35.3,14,64.3,12,33,18,10,4,16,63,34.9,24,25,12,58.3,11,18,11,11,3,16,TRUE
57,47.4,22,36.4,22,77.3,5,31,15,9,4,11,63,41.3,33,39.4,24,66.7,11,28,19,5,3,13,FALSE
63,47.6,22,9.1,15,86.7,12,37,12,1,3,9,62,38.7,26,34.6,14,28.6,7,23,13,7,0,6,TRUE
61,50.8,25,32,20,55,12,23,19,4,3,9,66,48.5,17,17.6,15,73.3,14,23,20,5,6,8,TRUE
57,33.3,25,32,11,63.6,14,19,8,9,4,10,51,54.9,25,72,11,45.5,7,28,21,7,8,11,FALSE
58,41.4,22,31.8,26,61.5,10,33,10,3,7,15,71,39.4,23,30.4,12,58.3,11,30,8,3,1,9,TRUE
58,37.9,36,27.8,22,86.4,8,24,12,6,1,7,53,41.5,27,29.6,15,80,7,30,11,3,0,14,TRUE
70,34.3,36,33.3,10,60,7,28,11,6,7,8,76,42.1,22,31.8,13,61.5,20,40,22,5,2,11,FALSE
63,42.9,24,33.3,18,77.8,14,24,14,8,0,9,48,43.8,25,36,23,52.2,9,26,13,4,1,15,TRUE
55,36.4,25,28,20,75,10,28,12,5,2,9,54,44.4,12,25,18,72.2,7,27,9,4,5,9,FALSE
69,31.9,35,22.9,11,81.8,16,20,12,5,5,8,43,58.1,5,20,20,60,3,32,17,5,7,16,FALSE
59,49.2,26,53.8,13,92.3,6,27,19,2,0,8,59,45.8,29,20.7,14,71.4,6,24,17,5,4,8,TRUE
56,33.9,24,20.8,30,80,18,27,13,11,5,15,48,37.5,19,31.6,17,76.5,6,24,8,8,4,18,TRUE
61,26.2,17,17.6,29,75.9,16,29,4,4,0,8,56,42.9,21,28.6,21,52.4,11,33,11,6,6,9,FALSE
58,37.9,22,36.4,8,50,11,26,14,6,2,9,52,32.7,26,34.6,15,66.7,10,28,15,0,5,10,TRUE
60,26.7,19,15.8,16,75,11,25,8,5,5,12,73,39.7,26,34.6,6,100,19,37,16,8,5,12,FALSE
57,40.4,28,42.9,21,71.4,11,20,13,7,6,4,56,41.1,25,36,17,76.5,14,26,7,2,3,10,TRUE
74,40.5,31,38.7,13,53.8,14,34,16,5,8,10,73,34.2,32,25,17,70.6,16,32,15,5,7,12,TRUE
53,50.9,16,43.8,25,72,8,23,12,7,3,12,57,47.4,16,43.8,16,62.5,10,22,10,4,2,15,TRUE
60,51.7,20,35,7,28.6,8,20,16,4,5,6,57,47.4,14,57.1,23,69.6,13,24,16,3,5,7,FALSE
59,35.6,25,24,29,75.9,16,19,12,4,4,9,55,47.3,14,35.7,32,71.9,15,27,8,5,7,11,FALSE
56,41.1,21,28.6,9,77.8,7,27,10,4,3,8,62,35.5,23,39.1,8,62.5,14,28,13,3,3,12,TRUE
54,50,27,40.7,7,85.7,8,28,17,4,3,10,56,33.9,29,27.6,14,71.4,10,20,10,3,0,8,TRUE
66,39.4,29,31,15,93.3,15,35,14,2,6,6,67,26.9,27,11.1,18,77.8,14,24,6,3,1,3,TRUE
53,43.4,27,44.4,21,71.4,13,23,14,11,6,13,55,32.7,23,43.5,16,81.3,15,19,9,9,2,14,TRUE
48,52.1,21,47.6,22,72.7,5,28,18,7,1,9,49,38.8,20,15,25,60,8,21,6,3,3,9,TRUE
57,38.6,31,38.7,11,81.8,11,32,14,5,3,17,59,44.1,19,21.1,13,53.8,6,24,11,7,3,9,TRUE
65,46.2,20,35,21,76.2,9,35,16,5,4,9,66,40.9,36,30.6,8,62.5,6,29,18,2,2,11,TRUE
54,53.7,23,30.4,28,67.9,13,25,16,14,4,18,52,48.1,21,42.9,22,59.1,9,18,7,8,3,17,TRUE
53,41.5,24,20.8,13,76.9,7,13,8,5,2,8,46,56.5,16,37.5,15,73.3,9,26,10,3,3,13,FALSE
73,39.7,27,14.8,15,73.3,16,28,13,5,0,8,65,47.7,20,25,13,53.8,10,29,15,6,6,12,FALSE
55,49.1,14,14.3,21,81,10,29,11,8,6,13,63,31.7,20,40,16,93.8,12,21,8,5,5,12,TRUE
64,42.2,18,22.2,25,72,15,31,17,3,4,16,58,43.1,25,36,18,83.3,5,25,13,12,2,13,TRUE
59,40.7,21,33.3,20,65,11,24,12,4,6,10,56,44.6,29,44.8,19,84.2,8,29,14,4,3,12,FALSE
56,53.6,24,45.8,24,75,6,29,13,6,5,11,62,41.9,21,28.6,18,61.1,10,25,13,4,0,12,TRUE
58,46.6,15,26.7,17,70.6,12,23,14,5,2,14,61,50.8,20,35,17,64.7,11,19,20,8,7,11,FALSE
73,41.1,25,36,11,63.6,15,28,13,9,2,15,51,52.9,22,54.5,32,56.3,5,30,16,7,7,15,FALSE
55,41.8,32,34.4,18,88.9,5,19,14,8,1,6,53,52.8,20,40,6,66.7,8,28,17,3,2,18,TRUE
61,50.8,30,36.7,17,64.7,9,23,14,12,3,9,51,45.1,27,25.9,24,66.7,8,26,12,5,2,15,TRUE
70,41.4,34,32.4,33,75.8,18,29,23,5,4,17,67,52.2,27,40.7,25,64,7,25,23,15,4,11,FALSE
58,34.5,25,24,25,52,17,24,11,6,3,12,51,45.1,22,31.8,15,80,7,29,8,8,2,16,FALSE
63,42.9,29,34.5,10,60,7,33,15,5,1,12,54,31.5,14,7.1,26,65.4,7,28,4,3,3,14,TRUE
55,54.5,14,42.9,14,64.3,4,29,20,7,5,16,63,44.4,27,25.9,13,84.6,8,24,15,8,2,11,TRUE
54,44.4,32,37.5,22,72.7,9,30,14,5,2,10,61,42.6,35,37.1,8,75,5,23,17,6,2,8,TRUE
60,46.7,13,23.1,28,78.6,11,25,13,4,3,4,58,43.1,27,37,18,83.3,9,23,19,2,3,7,TRUE
65,50.8,33,51.5,26,80.8,6,21,15,5,1,9,59,55.9,28,57.1,30,80,8,29,12,2,6,14,FALSE
47,51.1,18,27.8,37,62.2,9,32,15,4,3,16,67,38.8,20,25,22,81.8,12,23,9,6,1,8,TRUE
75,45.3,29,31,28,67.9,17,33,21,5,8,17,78,42.3,24,33.3,21,76.2,15,30,26,10,4,15,TRUE
54,40.7,23,26.1,24,83.3,12,23,14,8,6,20,64,42.2,19,31.6,9,66.7,11,23,13,9,4,17,TRUE
65,47.7,19,26.3,6,66.7,6,28,10,3,7,11,65,44.6,12,33.3,28,60.7,14,29,7,6,2,9,FALSE
56,39.3,28,25,25,76,17,23,16,4,6,10,55,47.3,22,40.9,12,66.7,9,20,16,4,2,11,TRUE
62,45.2,35,40,9,88.9,8,22,23,7,2,12,58,53.4,27,44.4,19,84.2,7,27,20,8,2,10,FALSE
58,41.4,20,35,26,65.4,10,24,14,9,5,14,55,41.8,16,31.3,12,100,8,31,10,7,2,22,TRUE
52,42.3,18,55.6,22,77.3,8,25,13,7,3,14,57,47.4,20,35,18,72.2,7,23,12,3,6,12,FALSE
65,47.7,16,43.8,18,66.7,14,28,13,6,1,9,60,43.3,35,31.4,4,75,7,24,19,5,4,13,TRUE
64,40.6,21,33.3,16,62.5,11,19,14,7,2,9,60,58.3,28,46.4,4,100,6,31,18,5,3,13,FALSE
60,50,34,44.1,16,62.5,13,26,21,4,2,10,64,43.8,18,33.3,20,65,15,19,16,5,1,7,TRUE
61,45.9,25,44,20,65,9,31,13,4,2,13,63,38.1,24,29.2,20,80,8,28,8,6,5,10,TRUE
59,54.2,24,54.2,24,66.7,6,13,17,6,6,11,59,52.5,11,54.5,32,90.6,16,26,14,5,5,15,FALSE
54,42.6,22,45.5,25,92,3,28,16,5,6,6,63,41.3,19,21.1,23,52.2,15,28,19,6,2,10,TRUE
65,49.2,27,44.4,16,68.8,8,30,23,4,3,9,63,47.6,29,44.8,24,75,6,29,17,7,3,7,FALSE
60,48.3,29,37.9,5,60,9,19,13,2,1,9,53,49.1,26,46.2,18,88.9,9,21,12,3,3,8,FALSE
52,48.1,17,35.3,6,100,10,24,14,5,3,18,61,41,22,27.3,10,80,14,16,16,11,5,10,FALSE
52,42.3,17,41.2,32,87.5,9,25,16,8,8,19,63,38.1,21,28.6,19,78.9,13,24,17,11,1,16,TRUE
54,50,23,30.4,18,77.8,7,33,18,6,2,18,58,39.7,22,22.7,15,66.7,5,24,12,8,2,13,TRUE
58,50,18,44.4,22,72.7,8,26,15,6,5,10,58,48.3,25,56,20,85,6,24,10,7,4,9,FALSE
76,38.2,26,26.9,17,76.5,10,24,12,9,4,9,64,46.9,27,48.1,19,84.2,7,34,16,3,5,19,FALSE
57,38.6,21,19,26,84.6,15,23,14,12,3,15,54,42.6,19,26.3,20,80,11,22,13,7,4,17,TRUE
58,48.3,42,40.5,13,53.8,10,26,16,9,4,14,52,34.6,23,30.4,14,64.3,10,23,10,8,3,18,TRUE
61,32.8,26,23.1,17,70.6,13,17,6,6,1,12,51,56.9,16,50,13,76.9,5,32,8,4,5,16,FALSE
52,48.1,14,21.4,15,80,8,30,8,7,5,19,55,38.2,22,31.8,17,82.4,6,22,12,10,1,13,TRUE
51,52.9,16,43.8,17,76.5,6,25,15,1,4,11,66,47,35,42.9,15,60,14,21,16,5,2,3,FALSE
60,41.7,34,26.5,15,53.3,8,20,20,7,0,14,57,57.9,31,41.9,4,100,4,32,18,11,1,17,FALSE
56,50,20,40,21,76.2,6,20,17,10,5,7,58,46.6,25,48,11,63.6,12,25,16,3,4,14,TRUE
57,40.4,15,26.7,18,94.4,14,29,11,10,2,21,56,28.6,29,24.1,18,88.9,11,20,14,13,4,16,TRUE
57,42.1,31,29,31,64.5,9,36,13,4,3,8,68,33.8,26,30.8,18,61.1,13,29,16,5,3,6,TRUE
48,58.3,15,46.7,13,100,6,17,14,7,4,13,49,42.9,24,29.2,7,71.4,11,14,19,5,3,19,TRUE
54,40.7,26,30.8,25,68,10,26,15,6,2,9,57,45.6,18,27.8,16,81.3,7,25,11,4,3,10,FALSE
67,37.3,22,18.2,19,68.4,13,20,9,9,5,11,59,44.1,18,38.9,23,73.9,16,34,15,7,4,18,FALSE
56,37.5,34,29.4,22,63.6,14,23,14,5,4,8,53,45.3,17,29.4,9,66.7,8,27,8,2,2,11,TRUE
61,37.7,22,27.3,22,77.3,15,27,13,3,3,11,57,43.9,26,38.5,18,72.2,7,26,13,4,2,10,FALSE
54,37,12,16.7,17,82.4,7,16,11,8,6,9,53,39.6,17,41.2,28,75,16,27,14,4,4,14,FALSE
51,51,18,38.9,10,70,7,24,13,4,2,12,57,40.4,29,31,15,66.7,10,20,10,9,3,8,TRUE
60,33.3,25,28,20,80,11,32,11,7,4,12,66,30.3,28,28.6,13,76.9,16,31,14,8,2,13,TRUE
52,40.4,18,27.8,20,75,8,24,12,4,6,16,62,45.2,18,22.2,19,73.7,14,26,11,9,3,12,FALSE
60,38.3,13,53.8,28,71.4,21,21,10,1,5,16,63,52.4,29,41.4,18,77.8,10,21,13,4,7,6,FALSE
64,40.6,26,38.5,20,75,5,27,11,12,2,8,67,41.8,33,24.2,10,90,11,36,13,5,0,18,TRUE
54,51.9,23,43.5,26,73.1,10,19,19,5,5,11,57,42.1,21,28.6,16,81.3,16,20,17,6,0,15,TRUE
64,40.6,26,30.8,8,50,11,32,18,7,9,15,64,35.9,29,31,10,60,11,31,15,12,7,13,TRUE
61,49.2,25,44,22,86.4,15,23,20,5,4,11,64,45.3,24,29.2,11,90.9,12,18,17,7,7,12,TRUE
56,35.7,18,33.3,22,68.2,9,15,9,11,4,11,49,59.2,14,57.1,15,60,7,30,18,6,3,18,FALSE
57,54.4,28,42.9,25,68,11,20,18,5,1,8,51,54.9,15,53.3,21,66.7,4,19,15,3,3,8,TRUE
59,42.4,28,35.7,20,75,11,24,12,7,6,12,61,49.2,27,44.4,14,64.3,10,25,15,10,3,13,FALSE
56,33.9,23,34.8,33,75.8,9,28,10,8,2,7,54,33.3,35,31.4,24,75,11,32,14,5,1,16,TRUE
57,50.9,28,39.3,20,80,9,30,23,6,1,13,65,38.5,38,23.7,19,73.7,12,21,16,6,2,9,TRUE
65,41.5,26,23.1,14,64.3,13,22,14,9,2,9,57,47.4,19,36.8,16,56.3,12,29,18,3,5,17,FALSE
51,43.1,17,41.2,37,73,10,34,15,9,3,15,61,36.1,17,29.4,18,55.6,9,26,13,10,4,12,TRUE
57,49.1,21,42.9,18,77.8,11,24,14,5,6,15,60,41.7,24,33.3,12,91.7,11,20,10,7,1,15,TRUE
58,43.1,26,46.2,13,38.5,11,22,12,2,2,15,53,52.8,26,34.6,16,87.5,4,28,12,6,0,13,FALSE
57,38.6,20,30,16,50,10,16,10,5,4,8,51,54.9,21,47.6,13,76.9,9,32,12,1,4,14,FALSE
56,51.8,34,41.2,14,71.4,6,27,20,5,2,15,60,43.3,28,32.1,11,72.7,8,23,19,6,2,14,TRUE
58,48.3,22,31.8,18,83.3,7,20,12,12,12,13,57,40.4,20,25,25,76,17,24,8,6,5,22,TRUE
47,51.1,22,36.4,18,55.6,5,28,12,3,4,10,59,33.9,36,27.8,4,100,11,22,13,5,3,10,TRUE
60,31.7,24,25,29,79.3,11,24,7,7,3,12,58,41.4,25,20,27,74.1,10,29,14,7,6,13,FALSE
65,49.2,20,35,14,78.6,11,23,16,8,2,11,62,50,19,31.6,10,50,9,24,14,8,4,15,TRUE
58,34.5,32,28.1,26,69.2,15,18,14,4,3,7,48,47.9,22,40.9,10,60,6,28,12,1,2,18,TRUE
61,47.5,26,42.3,5,80,8,14,14,9,3,9,49,51,24,37.5,33,75.8,14,24,13,6,3,16,FALSE
50,52,22,40.9,19,73.7,5,32,15,3,4,9,61,37.7,26,19.2,5,60,7,22,12,7,0,7,TRUE
77,35.1,21,19,28,67.9,19,35,13,11,3,15,79,36.7,29,17.2,14,57.1,18,34,11,9,7,19,TRUE
47,57.4,13,46.2,42,76.2,12,25,14,1,1,15,59,47.5,22,40.9,28,64.3,11,14,10,9,2,9,TRUE
46,45.7,23,34.8,12,83.3,3,26,9,4,5,22,53,39.6,20,30,26,69.2,10,22,13,15,2,13,FALSE
63,41.3,28,32.1,12,83.3,10,24,10,11,4,10,59,44.1,23,30.4,11,63.6,9,27,9,2,3,15,TRUE
60,43.3,20,20,23,73.9,9,26,18,8,5,10,62,38.7,30,30,10,70,14,30,13,4,2,18,TRUE
64,42.2,38,23.7,20,65,10,28,13,13,2,13,62,45.2,20,20,21,47.6,14,30,12,6,1,18,TRUE
65,49.2,28,50,31,74.2,8,31,24,11,5,8,60,35,24,25,27,77.8,10,28,11,4,6,15,FALSE
53,50.9,19,57.9,22,81.8,12,26,18,6,5,18,58,44.8,22,31.8,16,68.8,7,16,7,9,2,9,TRUE
58,39.7,27,48.1,27,74.1,18,17,17,7,1,9,47,48.9,27,48.1,18,88.9,8,22,11,2,4,14,TRUE
67,34.3,31,38.7,36,72.2,15,26,15,6,1,5,51,45.1,19,57.9,39,74.4,6,32,11,3,3,10,FALSE
54,51.9,26,42.3,20,70,10,28,19,3,4,10,59,45.8,20,35,9,77.8,5,19,14,7,1,4,TRUE
50,58,25,56,28,67.9,3,23,23,9,2,12,61,45.9,22,36.4,19,73.7,12,22,13,7,2,15,TRUE
52,55.8,23,47.8,17,64.7,4,27,15,6,5,10,53,43.4,21,33.3,7,57.1,3,20,15,6,0,12,TRUE
67,46.3,22,31.8,15,86.7,6,24,12,9,5,8,65,43.1,20,20,22,63.6,11,29,14,3,0,13,TRUE
60,36.7,31,32.3,25,76,12,24,14,11,4,13,49,40.8,20,25,21,81,5,24,11,9,3,19,TRUE
60,43.3,18,22.2,12,58.3,9,27,13,4,4,9,60,40,30,33.3,8,37.5,5,24,13,6,1,9,TRUE
57,50.9,23,47.8,24,70.8,11,35,15,2,2,15,61,32.8,20,15,17,64.7,8,22,10,9,6,9,TRUE
61,41,23,34.8,21,71.4,12,25,12,10,0,10,49,42.9,12,16.7,22,59.1,6,28,7,5,6,14,TRUE
61,41,29,31,17,70.6,13,24,14,3,1,12,62,43.5,24,20.8,13,61.5,14,25,22,5,4,13,TRUE
59,35.6,26,30.8,41,70.7,16,23,11,3,2,11,58,41.4,23,30.4,44,59.1,18,29,13,4,5,8,FALSE
53,41.5,31,35.5,26,73.1,9,32,17,3,5,14,69,40.6,25,28,11,81.8,11,25,12,6,4,7,TRUE
60,46.7,17,47.1,14,71.4,14,24,11,4,4,13,51,47.1,22,40.9,23,65.2,7,21,11,7,4,10,TRUE
58,58.6,12,41.7,15,53.3,9,39,28,4,7,14,64,34.4,18,16.7,12,66.7,7,18,16,4,2,8,TRUE
48,47.9,12,16.7,35,71.4,12,20,9,13,5,15,58,43.1,28,28.6,12,58.3,13,20,15,8,0,21,TRUE
62,53.2,24,37.5,12,91.7,9,19,22,4,3,7,50,48,17,35.3,19,84.2,7,18,15,3,4,14,TRUE
55,45.5,14,35.7,19,68.4,3,26,10,8,6,10,57,42.1,14,7.1,9,66.7,7,30,6,6,3,18,TRUE
48,41.7,22,22.7,17,41.2,2,23,5,8,5,11,48,43.8,14,42.9,17,64.7,6,31,8,7,0,14,FALSE
62,43.5,24,29.2,21,76.2,8,18,15,7,0,5,46,54.3,18,33.3,37,81.1,6,31,14,4,4,12,FALSE
62,37.1,21,28.6,17,64.7,9,27,13,6,5,11,58,48.3,20,35,20,70,6,33,15,6,3,11,FALSE
49,40.8,19,42.1,26,76.9,6,28,14,5,5,15,56,39.3,11,0,27,81.5,10,25,10,9,5,12,TRUE
58,50,16,25,16,75,9,22,9,4,3,3,54,42.6,14,35.7,16,75,11,23,6,1,1,7,TRUE
59,45.8,22,45.5,32,90.6,12,28,16,6,6,13,65,46.2,23,17.4,26,76.9,9,22,17,8,3,8,TRUE
53,37.7,20,20,13,61.5,11,24,10,4,2,16,61,49.2,16,50,5,60,8,25,17,9,6,7,FALSE
62,41.9,16,37.5,23,39.1,12,16,18,6,3,6,48,54.2,10,60,27,88.9,7,32,13,3,4,11,FALSE
58,44.8,27,33.3,19,84.2,18,29,20,5,7,14,64,31.3,31,22.6,22,54.5,19,15,12,7,2,9,TRUE
53,41.5,16,31.3,20,75,11,23,10,7,6,10,58,39.7,26,30.8,11,63.6,13,22,12,7,0,13,TRUE
57,38.6,27,25.9,16,75,7,25,13,4,4,8,58,41.4,17,23.5,26,80.8,11,29,14,6,0,7,FALSE
61,47.5,18,38.9,7,57.1,5,25,15,6,4,14,62,45.2,19,26.3,22,81.8,10,28,16,4,6,14,FALSE
55,49.1,23,39.1,11,63.6,6,26,13,7,8,8,69,36.2,24,29.2,12,58.3,21,25,11,3,4,8,TRUE
63,41.3,25,32,22,81.8,18,24,13,2,3,9,53,49.1,17,41.2,16,100,3,22,11,2,1,7,TRUE
56,53.6,16,56.3,19,57.9,8,24,13,2,3,17,66,42.4,25,44,30,56.7,17,22,12,10,3,8,FALSE
58,50,24,41.7,25,80,8,28,24,7,5,8,67,41.8,18,22.2,16,62.5,14,24,12,3,1,11,TRUE
55,45.5,16,25,25,72,9,28,15,11,6,14,59,37.3,25,40,11,72.7,12,25,14,9,1,21,TRUE
60,36.7,22,22.7,10,70,9,19,11,8,4,13,51,49,20,40,19,68.4,11,30,19,5,5,17,FALSE
59,52.5,27,40.7,9,77.8,9,24,14,10,4,9,54,42.6,17,23.5,13,76.9,8,20,11,4,5,13,TRUE
52,36.5,14,14.3,19,57.9,9,22,7,9,6,13,60,45,24,33.3,6,66.7,11,29,13,7,3,12,FALSE
47,34,16,50,29,82.8,10,28,7,3,5,10,60,38.3,30,36.7,6,50,10,24,13,5,3,8,TRUE
64,50,28,50,16,68.8,13,25,20,10,5,8,48,37.5,20,35,18,61.1,8,22,9,4,3,19,TRUE
64,46.9,35,34.3,13,76.9,7,28,23,6,5,12,64,50,28,42.9,18,72.2,8,29,18,9,1,11,FALSE
66,56.1,16,50,15,86.7,12,27,11,8,0,16,59,44.1,14,21.4,19,68.4,9,17,8,7,4,15,TRUE
67,32.8,26,19.2,19,78.9,16,22,11,9,2,9,55,43.6,20,30,18,88.9,10,32,13,5,4,15,FALSE
59,39,26,23.1,12,75,10,16,8,6,0,10,43,58.1,17,64.7,16,87.5,4,29,14,8,2,19,FALSE
49,38.8,17,23.5,25,60,7,27,10,8,3,13,53,39.6,22,40.9,17,82.4,7,27,12,6,4,14,FALSE
58,44.8,13,38.5,9,77.8,7,25,17,7,3,11,54,40.7,18,27.8,11,45.5,9,25,11,6,7,16,TRUE
55,49.1,22,31.8,13,69.2,8,26,17,10,7,11,51,43.1,20,20,18,38.9,10,23,12,7,6,14,TRUE
50,40,14,21.4,30,73.3,10,24,16,7,4,13,52,42.3,17,47.1,20,60,9,23,13,8,4,12,TRUE
50,68,21,71.4,16,75,3,26,29,3,5,15,69,39.1,32,34.4,9,66.7,17,13,15,9,3,12,TRUE
61,45.9,26,23.1,11,63.6,13,27,21,9,9,9,61,34.4,26,34.6,7,57.1,14,24,17,2,4,12,TRUE
61,44.3,13,38.5,26,65.4,14,30,10,8,5,15,60,41.7,22,40.9,18,55.6,9,25,12,11,4,12,TRUE
62,33.9,22,13.6,22,63.6,12,21,7,9,4,6,52,40.4,15,33.3,14,71.4,13,30,8,2,4,16,TRUE
53,39.6,24,41.7,29,72.4,5,24,17,4,8,5,60,38.3,21,19,21,76.2,14,30,15,1,4,13,TRUE
44,52.3,22,45.5,16,68.8,4,19,11,9,1,19,48,47.9,24,50,25,84,10,20,13,8,3,18,FALSE
62,35.5,21,19,22,54.5,14,16,9,10,0,10,47,51.1,14,50,21,81,8,30,12,5,4,17,FALSE
70,38.6,24,20.8,8,100,12,14,13,9,0,7,51,52.9,19,42.1,21,95.2,11,31,16,3,2,19,FALSE
58,27.6,20,15,20,55,11,28,4,6,4,9,58,43.1,29,34.5,12,75,6,38,10,5,4,9,FALSE
45,44.4,19,31.6,24,87.5,6,25,11,4,2,21,59,42.4,23,34.8,22,90.9,7,18,17,13,1,9,FALSE
58,36.2,22,36.4,12,83.3,7,24,10,5,1,11,58,41.4,27,33.3,18,72.2,14,31,8,8,1,13,FALSE
56,42.9,19,47.4,9,55.6,5,30,15,5,6,7,54,29.6,19,36.8,8,87.5,7,30,7,5,3,13,TRUE
57,35.1,24,25,20,70,13,26,9,8,7,14,60,35,16,43.8,21,71.4,14,27,9,9,0,14,FALSE
64,37.5,28,42.9,15,86.7,16,26,14,7,5,9,56,39.3,26,34.6,15,66.7,9,24,12,8,9,12,TRUE
56,57.1,18,38.9,31,67.7,6,20,25,7,3,9,59,54.2,18,55.6,21,61.9,10,24,23,7,1,13,TRUE
54,46.3,16,43.8,16,81.3,10,34,15,3,3,11,58,31,23,21.7,15,73.3,6,22,8,7,2,7,TRUE
60,28.3,20,20,20,65,18,27,7,4,2,9,55,43.6,23,39.1,11,45.5,8,29,12,4,2,7,FALSE
54,40.7,27,37,12,91.7,8,21,15,11,3,9,52,36.5,21,23.8,6,100,11,24,10,4,4,19,TRUE
56,41.1,12,41.7,24,62.5,13,32,13,5,7,14,60,35,23,26.1,13,76.9,8,24,7,10,4,11,TRUE
60,50,19,31.6,26,76.9,11,24,16,2,2,9,58,44.8,24,29.2,22,72.7,10,20,12,4,2,9,TRUE
61,39.3,29,41.4,41,73.2,18,23,13,2,3,9,58,55.2,29,55.2,21,90.5,5,27,16,3,5,10,FALSE
57,45.6,14,42.9,24,66.7,7,41,10,7,5,11,65,32.3,33,24.2,12,75,6,30,11,5,3,8,TRUE
49,46.9,18,50,23,60.9,4,22,13,7,4,4,56,44.6,20,40,8,37.5,10,27,8,2,5,12,TRUE
51,52.9,28,46.4,13,69.2,4,21,16,5,2,6,55,43.6,19,31.6,17,47.1,15,21,14,4,2,12,TRUE
56,48.2,20,40,23,39.1,8,28,12,4,3,10,70,35.7,23,13,21,52.4,21,29,13,3,2,10,TRUE
64,45.3,21,42.9,22,36.4,14,26,23,7,14,10,72,38.9,20,50,19,68.4,20,28,21,3,7,13,FALSE
61,47.5,24,20.8,17,58.8,11,25,15,5,6,7,57,42.1,16,12.5,16,81.3,10,25,15,3,3,10,TRUE
63,31.7,22,31.8,7,71.4,12,26,13,7,4,13,53,37.7,15,20,26,61.5,9,31,12,9,5,9,FALSE
58,44.8,24,37.5,22,81.8,12,13,12,12,3,14,43,51.2,19,36.8,25,92,8,22,15,6,1,24,TRUE
58,41.4,12,41.7,16,75,9,27,12,4,4,9,58,44.8,23,47.8,17,82.4,7,27,14,3,5,7,FALSE
57,21.1,17,23.5,26,65.4,11,31,5,5,5,5,58,37.9,20,35,18,50,12,41,10,2,5,10,FALSE
57,35.1,13,7.7,13,76.9,15,30,10,4,8,9,55,34.5,22,27.3,18,66.7,11,24,10,5,8,6,FALSE
44,50,14,50,29,79.3,5,28,11,5,4,18,60,43.3,14,28.6,18,77.8,9,21,8,12,1,11,TRUE
53,49.1,21,33.3,18,72.2,8,25,17,7,3,12,60,45,25,40,17,76.5,10,20,14,8,2,9,FALSE
56,44.6,17,23.5,9,77.8,6,30,11,5,5,5,59,40.7,12,33.3,2,0,7,26,5,2,5,7,TRUE
60,51.7,15,40,16,68.8,11,27,27,6,2,9,49,36.7,14,35.7,23,60.9,10,23,14,1,1,16,TRUE
73,49.3,23,34.8,26,73.1,11,28,16,8,4,11,73,50.7,23,30.4,21,61.9,12,31,17,7,5,15,TRUE
53,50.9,20,40,21,90.5,12,27,12,8,7,8,55,38.2,24,41.7,13,76.9,8,16,13,2,4,8,TRUE
53,39.6,20,30,7,57.1,8,21,11,8,1,10,52,44.2,16,43.8,6,33.3,10,25,13,5,4,15,FALSE
55,47.3,17,52.9,25,76,7,19,13,6,0,11,56,51.8,23,34.8,18,72.2,10,27,13,5,0,16,TRUE
52,50,27,29.6,15,66.7,5,36,17,3,8,11,71,28.2,33,21.2,14,64.3,17,24,5,6,3,4,TRUE
56,42.9,20,30,12,41.7,6,22,10,7,5,10,57,43.9,22,40.9,11,72.7,10,30,11,5,7,13,FALSE
52,46.2,15,40,34,61.8,12,23,7,7,3,12,49,51,20,35,16,75,4,21,10,5,3,12,TRUE
55,36.4,23,30.4,15,60,5,25,16,6,3,9,58,41.4,16,18.8,15,53.3,12,32,10,5,1,15,FALSE
48,50,14,35.7,13,69.2,5,22,11,3,4,11,54,46.3,14,42.9,8,62.5,10,21,12,4,4,10,TRUE
47,36.2,13,15.4,25,80,9,26,8,8,1,18,54,44.4,21,28.6,17,52.9,9,24,10,7,6,13,FALSE
59,42.4,26,26.9,10,80,6,24,15,7,4,6,55,36.4,22,27.3,8,75,11,28,11,1,2,16,TRUE
58,48.3,22,54.5,23,69.6,10,26,19,3,1,10,53,37.7,17,11.8,28,75,9,24,8,7,10,12,TRUE
42,52.4,16,56.3,28,82.1,7,26,16,10,4,23,60,38.3,24,20.8,17,76.5,11,14,11,13,3,16,TRUE
57,45.6,20,35,18,55.6,14,20,14,10,2,13,54,46.3,21,38.1,18,72.2,12,21,12,6,5,15,FALSE
64,32.8,22,27.3,14,78.6,14,27,13,8,7,8,58,34.5,25,20,8,62.5,11,31,8,4,5,15,TRUE
55,38.2,26,38.5,12,83.3,7,30,17,7,8,10,56,32.1,15,26.7,9,44.4,12,27,9,7,2,15,TRUE
55,40,18,27.8,23,65.2,12,28,9,6,5,12,56,37.5,19,31.6,11,90.9,8,25,9,6,4,13,TRUE
55,27.3,25,20,18,61.1,16,31,7,3,5,17,60,31.7,30,20,9,44.4,12,26,7,7,5,10,FALSE
63,55.6,22,50,16,87.5,13,23,17,8,3,7,59,47.5,18,33.3,18,50,12,17,10,5,2,11,TRUE
58,32.8,26,30.8,24,79.2,18,22,12,6,3,14,53,41.5,28,42.9,12,83.3,10,24,16,7,5,17,FALSE
55,40,20,35,22,90.9,14,31,14,4,1,14,58,39.7,20,25,17,52.9,10,21,12,7,4,11,TRUE
54,46.3,20,20,10,90,5,30,18,3,4,8,57,31.6,29,17.2,12,66.7,11,25,8,4,0,8,TRUE
67,37.3,10,10,18,50,15,30,13,4,2,8,57,43.9,28,46.4,11,54.5,6,32,20,6,7,10,FALSE
62,41.9,25,28,25,68,15,31,18,4,4,12,63,41.3,27,22.2,22,54.5,13,25,10,9,8,11,TRUE
66,39.4,20,30,28,64.3,14,19,9,6,2,11,53,49.1,17,29.4,32,81.3,10,30,12,4,7,17,FALSE
47,48.9,17,35.3,25,80,10,30,12,3,5,15,63,36.5,33,33.3,7,71.4,10,18,14,9,3,7,TRUE
61,41,23,34.8,17,82.4,9,21,14,3,5,5,61,37.7,26,23.1,26,88.5,19,29,11,2,5,9,FALSE
59,40.7,21,28.6,14,71.4,8,25,17,6,7,3,55,45.5,19,36.8,16,75,8,30,12,1,4,10,FALSE
58,39.7,26,26.9,20,85,12,19,6,3,2,9,48,50,20,25,30,80,8,25,15,5,3,6,FALSE
56,44.6,14,35.7,19,68.4,9,26,6,7,4,9,54,42.6,15,53.3,20,50,9,24,9,3,4,13,TRUE
58,48.3,32,37.5,24,91.7,9,27,19,7,3,11,55,47.3,19,31.6,14,85.7,4,22,10,4,1,10,TRUE
64,40.6,20,30,27,63,11,35,11,7,4,13,69,39.1,22,27.3,25,52,12,28,12,2,4,8,TRUE
59,45.8,20,35,21,81,11,23,16,11,2,10,56,41.1,19,10.5,15,86.7,10,23,7,4,2,17,TRUE
49,55.1,15,33.3,20,70,11,25,16,8,6,14,61,32.8,29,27.6,9,88.9,13,14,10,5,4,10,TRUE
54,55.6,22,54.5,19,52.6,8,35,19,3,4,13,67,34.3,12,16.7,9,55.6,10,21,6,8,3,7,TRUE
53,34,24,29.2,10,70,3,26,13,9,4,14,51,41.2,14,35.7,19,78.9,6,33,9,8,5,12,FALSE
61,37.7,24,37.5,13,61.5,15,16,14,10,2,8,48,54.2,15,40,5,80,5,25,16,2,5,14,TRUE
55,40,13,38.5,18,66.7,6,26,12,6,4,5,54,35.2,16,31.3,19,73.7,12,29,6,2,7,11,TRUE
59,55.9,21,52.4,16,56.3,10,29,17,6,2,8,48,33.3,19,10.5,25,68,8,19,9,5,1,9,TRUE
56,35.7,29,27.6,36,66.7,15,24,12,3,2,13,59,50.8,23,47.8,26,57.7,11,28,21,8,1,12,FALSE
58,43.1,20,30,10,60,13,22,8,1,6,9,57,43.9,20,30,15,86.7,11,20,14,4,3,4,FALSE
47,44.7,16,37.5,38,86.8,5,35,16,7,2,12,66,39.4,28,25,22,77.3,8,24,14,8,3,8,TRUE
60,53.3,24,50,17,88.2,11,30,22,3,4,10,62,41.9,27,37,24,58.3,13,19,11,5,2,9,TRUE
49,42.9,14,28.6,36,75,8,32,13,7,9,14,68,35.3,31,38.7,18,50,18,24,13,9,3,12,TRUE
66,37.9,24,16.7,16,68.8,15,30,13,10,8,11,66,39.4,17,41.2,13,53.8,15,30,9,9,8,12,FALSE
58,44.8,20,25,13,84.6,7,32,15,6,7,5,64,26.6,26,15.4,17,70.6,18,27,8,2,2,9,TRUE
54,40.7,20,20,27,63,15,34,10,7,5,17,59,30.5,22,22.7,6,66.7,7,22,10,9,4,15,TRUE
52,50,21,47.6,22,54.5,7,20,15,2,4,10,65,55.4,20,35,18,72.2,13,22,17,6,3,7,FALSE
62,41.9,20,35,12,83.3,13,26,14,5,6,10,55,38.2,23,34.8,15,66.7,9,23,13,4,4,13,TRUE
48,39.6,24,45.8,8,100,2,24,13,3,4,12,56,41.1,24,29.2,23,73.9,10,27,15,6,4,7,FALSE
49,46.9,22,27.3,30,76.7,11,35,12,3,8,13,62,40.3,22,36.4,7,71.4,4,16,10,8,1,5,TRUE
57,42.1,29,31,22,68.2,12,25,18,10,3,15,53,34,10,50,18,83.3,12,22,11,9,1,18,TRUE
58,53.4,18,22.2,29,79.3,7,26,12,6,3,6,54,42.6,14,28.6,30,76.7,11,26,9,3,2,12,TRUE
68,51.5,26,50,20,50,10,34,18,7,7,12,69,43.5,26,38.5,32,65.6,14,30,18,5,2,13,TRUE
66,37.9,25,36,15,53.3,8,33,15,5,3,7,65,41.5,21,33.3,20,60,10,37,13,1,3,9,FALSE
49,49,16,25,11,81.8,8,28,18,6,4,22,52,40.4,15,20,32,71.9,6,17,9,12,4,9,FALSE
64,43.8,15,33.3,17,76.5,7,36,16,5,2,10,72,34.7,36,22.2,15,73.3,14,31,14,7,3,9,TRUE
62,45.2,22,36.4,18,83.3,11,27,22,12,4,16,62,43.5,27,40.7,15,66.7,9,24,18,9,6,17,TRUE
50,36,20,30,23,82.6,7,26,13,4,5,11,55,43.6,22,36.4,19,68.4,8,25,12,8,4,8,FALSE
57,43.9,11,27.3,31,77.4,8,27,18,4,1,9,71,42.3,15,26.7,12,66.7,14,25,13,6,3,10,TRUE
60,51.7,23,52.2,11,81.8,11,14,25,3,2,8,50,52,24,33.3,4,50,7,19,18,6,4,15,TRUE
50,52,17,41.2,21,85.7,6,21,20,8,3,11,52,46.2,26,46.2,10,100,5,19,19,6,1,15,TRUE
50,48,19,36.8,12,91.7,9,27,17,3,5,17,63,38.1,28,28.6,8,75,14,16,7,10,7,10,TRUE
66,43.9,24,25,10,90,13,22,20,5,2,9,54,50,13,38.5,21,76.2,9,24,16,4,4,10,FALSE
62,45.2,30,33.3,12,66.7,7,33,24,9,4,7,59,35.6,16,6.3,18,55.6,10,27,10,4,4,11,TRUE
53,43.4,21,42.9,15,80,8,36,18,4,4,15,68,35.3,19,10.5,9,55.6,10,20,9,7,5,5,TRUE
62,51.6,26,38.5,2,100,9,28,21,5,6,7,54,40.7,12,16.7,9,33.3,6,21,18,3,2,8,TRUE
55,40,23,39.1,16,75,11,27,14,2,6,9,51,41.2,25,32,12,83.3,3,26,17,5,5,6,TRUE
65,46.2,28,39.3,25,60,10,24,15,6,5,9,57,50.9,30,53.3,27,81.5,7,31,19,7,3,14,FALSE
58,43.1,18,27.8,12,75,8,22,13,4,3,11,53,35.8,17,35.3,14,85.7,10,26,7,3,6,17,TRUE
58,53.4,15,33.3,26,57.7,9,23,21,4,2,5,60,45,27,37,13,69.2,9,23,14,4,5,9,TRUE
68,51.5,20,30,22,72.7,13,33,16,7,3,11,62,37.1,22,36.4,23,69.6,12,22,11,5,1,13,TRUE
53,50.9,18,38.9,30,76.7,7,23,15,5,3,11,53,56.6,21,52.4,14,71.4,3,23,14,6,1,18,TRUE
64,53.1,23,39.1,30,70,12,30,18,10,3,22,69,42,20,20,25,84,12,24,9,17,4,18,TRUE
56,57.1,21,33.3,19,63.2,13,29,24,8,1,16,58,32.8,26,19.2,22,81.8,12,16,10,10,4,15,TRUE
69,37.7,27,33.3,16,68.8,11,18,11,11,2,10,51,51,19,31.6,21,90.5,7,31,17,4,5,18,FALSE
53,56.6,20,55,18,77.8,5,22,17,11,5,11,49,46.9,27,40.7,11,90.9,5,19,15,3,2,17,TRUE
62,48.4,15,26.7,18,72.2,13,23,16,7,3,10,54,46.3,25,40,10,60,7,21,19,5,7,15,TRUE
52,38.5,21,38.1,24,75,8,25,8,2,2,13,59,47.5,26,30.8,23,69.6,8,26,16,6,2,9,FALSE
50,54,8,12.5,26,57.7,7,28,9,4,8,19,63,41.3,12,58.3,18,88.9,10,21,14,4,0,10,FALSE
64,54.7,27,40.7,18,61.1,14,27,20,6,3,12,57,36.8,18,11.1,19,84.2,10,17,5,6,2,12,TRUE
77,40.3,32,25,24,58.3,17,20,18,13,2,12,60,51.7,24,33.3,30,56.7,16,35,13,7,4,23,FALSE
60,33.3,30,20,12,58.3,17,27,16,4,3,16,65,41.5,22,40.9,8,75,13,25,16,9,9,8,FALSE
56,48.2,22,40.9,23,69.6,8,33,17,3,8,12,66,42.4,25,36,13,69.2,8,26,13,6,5,8,TRUE
60,53.3,23,39.1,19,63.2,10,27,18,9,7,14,68,41.2,20,45,17,35.3,19,24,9,7,1,19,TRUE
60,55,24,37.5,18,72.2,11,31,20,11,5,15,64,35.9,24,20.8,25,76,13,18,11,9,4,13,TRUE
54,44.4,15,40,23,69.6,9,20,13,8,0,12,49,55.1,20,45,21,66.7,6,25,9,8,6,16,FALSE
58,34.5,23,34.8,24,70.8,14,14,7,5,1,12,57,56.1,19,42.1,17,88.2,11,27,15,3,7,12,FALSE
52,55.8,24,54.2,16,62.5,8,27,16,5,3,13,54,42.6,18,27.8,14,64.3,7,17,12,4,3,12,TRUE
61,47.5,25,28,18,77.8,5,33,21,7,8,11,63,38.1,25,32,21,47.6,11,29,12,7,3,13,TRUE
52,36.5,22,27.3,15,66.7,11,29,9,5,1,14,57,38.6,17,41.2,13,61.5,9,26,11,7,6,9,FALSE
58,51.7,14,42.9,21,66.7,10,16,8,8,7,6,50,48,15,20,20,65,12,22,8,2,3,18,TRUE
57,43.9,25,40,22,45.5,12,29,15,3,2,11,56,39.3,29,34.5,20,65,8,26,17,7,2,10,TRUE
56,53.6,20,45,17,76.5,5,31,17,6,1,10,56,39.3,16,37.5,16,56.3,7,23,6,5,0,14,TRUE
62,40.3,26,38.5,8,75,8,19,10,7,1,14,54,55.6,20,40,14,71.4,5,31,15,10,6,14,FALSE
64,46.9,29,41.4,12,66.7,9,29,26,12,5,16,71,40.8,22,22.7,12,33.3,16,28,13,8,4,20,TRUE
47,44.7,27,37,28,67.9,9,31,12,7,11,18,59,30.5,15,6.7,23,65.2,12,20,8,12,1,13,TRUE
67,40.3,27,48.1,19,78.9,21,20,17,9,2,11,49,51,17,23.5,23,73.9,9,20,12,5,7,15,TRUE
49,51,28,39.3,21,81,7,24,17,6,3,15,63,33.3,31,32.3,13,92.3,18,20,11,5,1,15,TRUE
55,45.5,22,40.9,29,65.5,9,29,16,9,5,11,64,40.6,17,35.3,16,68.8,12,25,10,4,1,11,TRUE
65,47.7,20,50,14,57.1,13,38,19,3,7,15,72,27.8,25,20,18,66.7,14,25,12,6,3,7,TRUE
45,46.7,16,37.5,12,66.7,7,15,11,10,1,19,40,55,20,40,11,81.8,3,18,18,10,2,19,FALSE
58,43.1,17,23.5,17,70.6,11,25,11,6,10,13,53,47.2,14,64.3,16,68.8,5,24,10,7,0,13,FALSE
66,40.9,25,36,21,47.6,12,28,17,7,2,15,69,44.9,27,25.9,21,71.4,15,33,18,5,1,17,FALSE
54,38.9,21,23.8,18,66.7,4,20,10,7,2,4,50,50,22,31.8,15,73.3,5,32,18,0,4,13,FALSE
65,52.3,27,37,16,75,15,24,23,7,5,9,56,50,28,42.9,10,90,5,19,15,6,3,12,TRUE
50,44,19,36.8,26,69.2,12,20,13,5,2,15,48,58.3,19,36.8,25,64,6,20,15,10,4,12,FALSE
60,41.7,26,30.8,18,61.1,5,30,14,9,2,10,62,30.6,21,33.3,25,88,14,35,10,5,1,15,TRUE
59,42.4,23,39.1,10,50,5,20,13,5,3,7,59,55.9,31,41.9,9,33.3,10,32,13,3,1,15,FALSE
49,55.1,20,35,16,87.5,3,26,14,7,2,16,64,40.6,16,18.8,13,53.8,11,18,13,3,0,11,TRUE
57,57.9,23,39.1,22,68.2,12,35,21,6,3,18,66,33.3,26,30.8,25,68,13,17,13,11,1,9,TRUE
55,54.5,26,38.5,10,80,6,18,21,10,4,7,46,54.3,17,35.3,4,50,5,19,16,2,1,17,TRUE
57,43.9,31,35.5,10,60,5,18,13,6,2,11,51,58.8,19,47.4,24,75,7,29,15,7,1,11,FALSE
58,44.8,21,33.3,21,76.2,17,23,13,14,4,19,54,40.7,16,31.3,16,81.3,10,18,13,6,1,18,TRUE
54,55.6,19,47.4,35,74.3,10,28,18,5,4,13,67,40.3,28,50,27,74.1,16,19,15,8,0,9,TRUE
52,50,20,30,26,61.5,7,25,15,0,0,11,56,48.2,20,35,25,60,8,24,11,6,3,10,FALSE
52,46.2,31,35.5,23,56.5,14,21,11,4,3,17,59,47.5,21,23.8,21,81,11,21,10,11,8,10,FALSE
54,42.6,24,45.8,17,70.6,5,24,11,14,7,16,54,42.6,15,26.7,9,55.6,8,25,13,9,2,23,TRUE
58,43.1,22,27.3,25,64,16,18,10,6,1,14,51,49,16,31.3,32,81.3,12,23,10,8,10,14,FALSE
69,42,41,34.1,12,100,12,20,17,9,1,9,56,58.9,18,55.6,25,68,9,28,19,3,1,14,FALSE
53,43.4,20,15,28,85.7,9,36,7,6,4,14,58,31,25,16,18,61.1,8,24,6,8,6,11,TRUE
61,49.2,16,37.5,19,78.9,6,15,14,10,1,11,49,57.1,16,31.3,30,76.7,7,23,9,4,2,18,FALSE
67,46.3,21,28.6,8,62.5,13,19,14,9,4,12,52,53.8,24,54.2,16,93.8,6,23,22,7,3,15,FALSE
53,54.7,29,37.9,5,80,6,27,18,6,4,15,51,39.2,19,31.6,19,84.2,4,19,10,8,0,9,TRUE
71,38,26,34.6,11,63.6,13,24,12,6,2,6,57,45.6,29,37.9,21,66.7,10,32,14,4,3,15,FALSE
68,33.8,33,15.2,33,57.6,15,26,11,15,2,17,60,43.3,30,40,33,81.8,9,39,22,11,5,19,FALSE
53,37.7,18,22.2,23,69.6,16,16,12,2,3,20,49,51,20,35,14,71.4,10,19,12,9,6,19,FALSE
60,38.3,12,8.3,19,68.4,8,18,13,5,5,8,52,53.8,15,53.3,22,86.4,9,32,16,4,5,13,FALSE
53,58.5,18,44.4,30,73.3,3,25,20,5,2,12,69,47.8,36,38.9,16,81.3,11,23,23,4,1,13,FALSE
46,54.3,17,35.3,28,82.1,7,22,11,8,4,14,57,49.1,16,31.3,12,83.3,7,17,13,12,5,12,TRUE
61,31.1,23,26.1,20,55,13,26,8,6,0,9,53,45.3,22,40.9,17,70.6,6,33,16,3,4,12,FALSE
47,61.7,17,35.3,19,57.9,7,33,18,6,4,24,57,36.8,32,31.3,20,55,8,15,10,12,2,17,TRUE
57,40.4,24,29.2,19,63.2,8,21,12,7,2,6,53,49.1,20,20,15,86.7,7,31,11,1,1,12,FALSE
59,44.1,17,41.2,17,58.8,10,31,11,9,8,9,55,27.3,18,16.7,22,59.1,14,23,3,1,3,14,TRUE
68,33.8,22,27.3,19,78.9,14,22,13,11,4,13,59,39,29,34.5,30,63.3,17,33,14,3,5,19,FALSE
57,49.1,18,27.8,21,76.2,11,28,16,4,1,12,59,42.4,23,43.5,22,59.1,11,22,11,7,2,11,TRUE
67,46.3,19,31.6,14,78.6,15,21,13,9,7,13,54,48.1,12,58.3,25,68,13,23,14,5,4,15,TRUE
52,50,24,41.7,28,75,5,28,16,4,4,10,62,45.2,24,33.3,18,66.7,9,26,9,5,1,7,TRUE
65,40,26,34.6,15,33.3,11,23,11,6,2,10,57,52.6,31,61.3,20,50,10,32,24,3,4,14,FALSE
49,49,21,42.9,14,92.9,11,22,17,4,4,19,61,47.5,20,40,8,75,12,15,12,8,1,10,FALSE
52,53.8,23,34.8,36,63.9,9,20,14,7,8,13,63,54,22,45.5,24,83.3,12,23,13,6,3,10,FALSE
70,52.9,28,35.7,28,71.4,13,34,23,7,1,12,65,36.9,21,33.3,35,71.4,10,25,7,6,2,11,FALSE
51,49,24,33.3,23,60.9,4,23,16,5,5,8,45,44.4,23,39.1,15,53.3,7,27,15,4,3,18,TRUE
43,55.8,14,35.7,16,87.5,7,24,11,4,3,15,54,44.4,21,38.1,10,40,10,14,14,8,3,10,TRUE
52,51.9,21,42.9,27,63,9,28,13,3,4,13,56,37.5,21,9.5,29,62.1,13,21,10,5,2,13,TRUE
55,45.5,19,52.6,19,84.2,6,31,17,7,5,12,66,37.9,29,31,19,78.9,13,26,16,7,2,11,TRUE
57,40.4,20,20,14,85.7,11,28,7,8,6,9,50,28,24,33.3,16,56.3,13,22,7,5,0,18,TRUE
55,49.1,31,35.5,17,64.7,7,28,21,6,2,11,56,30.4,26,23.1,16,68.8,9,22,7,8,4,12,TRUE
54,50,24,37.5,5,60,8,27,20,5,2,13,54,33.3,21,19,11,81.8,8,20,10,6,1,9,TRUE
52,42.3,15,40,28,64.3,10,26,13,5,2,12,59,50.8,20,30,3,33.3,5,27,21,4,6,11,TRUE
61,44.3,27,29.6,6,0,9,24,14,6,4,11,55,41.8,20,30,19,78.9,9,27,15,5,3,13,FALSE
58,44.8,26,46.2,21,71.4,10,24,13,3,0,11,59,52.5,35,45.7,20,70,7,25,18,5,3,7,FALSE
57,50.9,22,63.6,29,62.1,16,20,18,4,1,7,58,50,30,36.7,19,73.7,13,18,20,2,6,8,TRUE
57,42.1,20,40,14,57.1,13,15,11,12,9,11,53,41.5,13,30.8,11,63.6,14,25,15,8,3,19,TRUE
55,41.8,21,33.3,21,76.2,12,23,12,7,2,11,54,37,20,45,12,83.3,12,23,11,6,5,17,TRUE
61,44.3,20,30,12,83.3,8,26,13,0,1,9,53,39.6,20,20,11,72.7,7,28,13,5,1,15,TRUE
43,46.5,18,38.9,31,80.6,4,15,11,8,7,8,54,50,17,47.1,15,80,12,23,10,3,1,13,FALSE
64,59.4,24,54.2,17,52.9,9,40,20,6,5,12,65,30.8,19,21.1,9,66.7,8,21,6,3,3,15,TRUE
67,47.8,30,36.7,28,64.3,14,41,22,2,3,10,86,39.5,50,38,7,14.3,15,29,28,3,3,3,TRUE
61,49.2,25,36,16,62.5,15,29,14,9,1,15,53,32.1,24,12.5,26,53.8,11,15,7,5,4,14,TRUE
54,55.6,15,53.3,12,66.7,8,21,22,8,3,11,55,49.1,27,40.7,13,61.5,8,18,17,5,5,11,TRUE
52,48.1,15,33.3,23,69.6,7,26,14,7,1,9,61,39.3,26,19.2,11,90.9,12,22,11,4,5,12,TRUE
60,46.7,14,28.6,26,61.5,8,27,11,13,4,11,60,41.7,31,41.9,12,50,10,30,16,3,5,20,TRUE
61,44.3,22,36.4,14,78.6,6,30,9,11,5,3,48,31.3,24,33.3,18,50,7,29,7,3,2,15,TRUE
50,40,17,35.3,25,60,12,27,10,7,6,20,57,40.4,17,35.3,16,62.5,8,22,7,9,5,14,FALSE
56,39.3,22,27.3,27,77.8,13,27,14,4,7,13,53,47.2,20,40,25,64,8,26,12,7,3,7,FALSE
50,54,21,47.6,26,65.4,8,20,11,10,8,12,56,46.4,18,44.4,21,76.2,13,18,16,5,2,15,TRUE
50,42,18,33.3,16,81.3,8,27,15,5,5,17,59,49.2,20,50,10,40,7,22,15,11,4,10,FALSE
69,49.3,21,33.3,20,90,10,37,18,4,5,9,64,35.9,18,38.9,23,65.2,9,26,6,6,7,11,TRUE
59,52.5,27,40.7,13,76.9,10,22,18,8,3,12,54,55.6,17,41.2,10,70,3,20,14,6,5,11,TRUE
64,35.9,28,14.3,14,64.3,14,32,10,6,6,15,58,39.7,18,44.4,20,50,9,29,11,7,7,10,FALSE
60,45,28,42.9,13,84.6,10,21,15,4,3,15,60,48.3,22,31.8,28,71.4,12,25,18,7,2,10,FALSE
48,41.7,19,26.3,27,70.4,4,27,12,4,1,17,51,49,16,31.3,25,68,5,29,13,7,4,16,FALSE
57,49.1,12,25,24,79.2,11,29,16,4,3,8,64,40.6,20,35,14,57.1,12,19,8,2,5,11,TRUE
68,45.6,38,44.7,19,68.4,11,26,16,5,0,5,59,47.5,20,30,28,67.9,9,31,10,4,8,9,TRUE
48,33.3,20,15,17,70.6,6,22,4,8,4,15,49,42.9,22,18.2,17,52.9,10,27,9,8,2,16,FALSE
60,48.3,22,36.4,19,63.2,6,24,10,6,5,8,57,40.4,22,22.7,19,73.7,11,28,11,3,6,12,TRUE
46,43.5,20,40,12,66.7,10,30,10,5,2,23,47,34,22,36.4,15,73.3,2,17,7,12,6,11,TRUE
61,41,16,43.8,35,62.9,12,37,9,7,1,15,76,35.5,25,28,20,55,18,30,11,7,9,12,TRUE
67,49.3,28,35.7,10,80,15,26,16,14,3,14,52,30.8,32,21.9,16,75,12,21,13,5,1,20,TRUE
60,48.3,28,46.4,15,46.7,8,22,19,10,5,13,60,45,27,40.7,12,83.3,11,28,17,10,6,17,TRUE
53,34,18,16.7,24,79.2,8,20,5,6,4,9,51,43.1,16,37.5,27,85.2,11,28,14,3,3,10,FALSE
61,49.2,16,37.5,26,65.4,12,27,11,7,2,10,56,44.6,25,40,17,70.6,7,24,9,3,4,13,TRUE
53,34,23,8.7,20,80,13,25,7,3,4,12,57,43.9,14,28.6,15,80,9,26,9,6,6,8,FALSE
53,39.6,24,29.2,27,63,7,20,11,13,4,10,53,32.1,24,25,26,80.8,18,26,10,4,3,18,TRUE
55,40,18,44.4,31,74.2,11,26,13,4,7,14,67,41.8,26,38.5,24,54.2,16,22,13,8,10,8,FALSE
54,33.3,23,21.7,8,87.5,11,13,9,8,3,14,40,52.5,14,42.9,22,90.9,7,26,11,8,4,16,FALSE
59,45.8,23,43.5,17,76.5,7,33,14,2,4,17,65,43.1,18,27.8,17,82.4,6,26,14,7,1,11,TRUE
64,53.1,18,33.3,26,84.6,11,34,25,5,7,9,53,32.1,20,5,27,55.6,9,21,8,6,2,14,TRUE
61,41,24,20.8,25,64,11,31,14,2,6,8,70,37.1,33,30.3,22,50,17,30,16,3,3,8,FALSE
61,37.7,31,29,20,70,15,20,12,11,4,15,51,45.1,18,38.9,25,72,13,25,11,9,4,22,FALSE
60,40,20,30,29,58.6,13,22,13,7,5,10,57,49.1,18,33.3,22,86.4,8,28,15,6,6,12,FALSE
57,36.8,22,36.4,20,65,13,16,12,3,3,15,58,53.4,19,36.8,21,85.7,11,27,12,5,6,11,FALSE
56,51.8,18,33.3,23,91.3,7,21,16,11,5,12,56,48.2,17,47.1,13,92.3,8,21,8,8,3,19,TRUE
57,49.1,15,66.7,27,81.5,12,23,15,8,8,16,62,40.3,24,29.2,26,84.6,16,20,14,6,2,15,TRUE
81,40.7,23,34.8,17,76.5,16,31,15,7,5,12,64,45.3,25,44,23,56.5,9,31,17,8,9,16,TRUE
60,46.7,26,34.6,23,73.9,12,31,13,4,12,12,70,32.9,25,24,15,73.3,18,23,8,8,2,10,TRUE
53,45.3,19,36.8,37,73,13,32,13,11,2,17,67,32.8,39,35.9,17,52.9,16,21,11,6,6,16,TRUE
50,30,26,23.1,26,57.7,10,32,10,5,5,16,58,31,26,23.1,19,78.9,10,29,9,4,2,12,FALSE
64,46.9,21,28.6,16,68.8,14,24,11,8,4,15,58,46.6,31,38.7,20,75,9,21,15,3,3,10,FALSE
62,41.9,27,37,29,62.1,13,32,13,1,7,8,64,43.8,19,15.8,30,73.3,10,28,8,2,6,3,FALSE
68,50,25,48,17,76.5,17,22,16,9,4,12,58,44.8,29,37.9,20,75,12,21,17,8,8,16,TRUE
54,35.2,32,37.5,21,81,9,19,11,4,1,12,55,52.7,23,39.1,14,78.6,10,26,15,7,3,13,FALSE
66,51.5,16,18.8,28,60.7,11,20,21,9,5,16,64,51.6,25,40,22,81.8,12,24,15,7,3,19,FALSE
44,50,16,25,14,57.1,12,26,10,5,5,15,47,36.2,25,28,12,50,7,14,6,4,4,12,TRUE
49,51,19,31.6,35,82.9,10,17,12,8,8,16,54,44.4,23,43.5,23,73.9,16,15,11,3,0,20,TRUE
57,52.6,18,61.1,39,89.7,12,22,19,9,3,17,67,47.8,26,38.5,22,59.1,16,17,16,9,1,19,FALSE
49,53.1,17,58.8,11,81.8,8,22,19,7,5,15,59,42.4,31,32.3,10,80,12,17,18,7,4,11,TRUE
56,30.4,27,14.8,16,68.8,12,23,12,5,4,14,64,43.8,11,36.4,11,81.8,14,29,14,8,4,10,FALSE
64,40.6,28,28.6,17,52.9,15,27,14,8,3,16,57,47.4,19,47.4,30,66.7,12,28,17,10,7,13,FALSE
44,45.5,21,33.3,37,64.9,7,21,12,2,1,15,51,41.2,18,27.8,35,77.1,12,23,9,4,5,12,FALSE
50,38,24,29.2,30,70,7,26,7,5,5,15,76,42.1,34,38.2,10,80,20,30,16,10,7,10,FALSE
57,42.1,20,35,10,50,8,21,10,1,0,11,55,47.3,18,33.3,15,80,9,28,9,2,3,10,FALSE
43,39.5,14,35.7,19,68.4,14,25,10,3,2,20,56,39.3,27,37,14,57.1,13,15,12,9,6,9,FALSE
64,48.4,22,31.8,17,88.2,13,27,19,13,3,13,55,40,23,26.1,21,81,10,21,14,6,3,17,TRUE
64,43.8,12,25,16,75,11,25,16,6,7,9,59,42.4,26,38.5,18,44.4,12,29,13,3,4,13,TRUE
50,26,22,18.2,25,52,10,23,9,8,5,11,52,48.1,20,40,10,80,6,33,13,5,1,12,FALSE
56,46.4,30,43.3,20,75,7,19,17,5,4,11,48,54.2,15,40,33,72.7,9,24,14,7,2,13,FALSE
64,42.2,19,15.8,35,91.4,15,34,12,11,2,13,64,43.8,19,26.3,14,42.9,6,23,7,6,1,16,TRUE
49,36.7,19,26.3,26,53.8,7,23,6,3,2,14,59,45.8,19,26.3,14,85.7,10,30,13,4,3,9,FALSE
64,46.9,18,33.3,22,63.6,14,26,16,4,8,11,61,41,25,28,26,76.9,11,23,9,7,4,12,TRUE
59,44.1,16,50,22,72.7,15,28,14,8,8,16,61,31.1,20,15,18,77.8,15,21,5,8,6,15,TRUE
62,46.8,37,48.6,5,100,13,22,16,8,6,17,59,47.5,22,40.9,10,70,12,19,14,7,4,16,TRUE
65,38.5,22,31.8,22,77.3,20,24,8,9,9,9,50,40,20,30,14,50,10,22,6,1,4,16,TRUE
60,50,21,47.6,21,61.9,7,26,17,5,3,15,58,46.6,20,25,32,90.6,5,25,16,5,7,8,FALSE
66,50,20,25,29,72.4,11,21,8,11,5,8,56,53.6,17,47.1,18,77.8,8,23,13,5,1,17,TRUE
59,44.1,25,40,16,62.5,8,21,18,13,0,14,42,45.2,25,40,17,70.6,4,26,9,2,0,24,TRUE
57,40.4,22,31.8,29,58.6,14,17,7,4,3,14,64,56.3,19,36.8,20,65,13,26,17,8,4,10,FALSE
61,41,21,23.8,22,68.2,6,26,14,6,14,4,65,29.2,24,29.2,29,51.7,23,33,12,2,4,16,TRUE
61,49.2,15,6.7,36,61.1,12,27,11,7,9,11,71,45.1,19,15.8,22,54.5,19,24,10,8,6,13,TRUE
46,37,24,37.5,18,50,9,20,10,2,3,20,54,55.6,17,58.8,23,73.9,6,23,18,7,6,7,FALSE
63,49.2,26,42.3,22,77.3,8,19,18,6,1,13,63,46,23,26.1,26,84.6,15,26,10,7,1,17,TRUE
69,47.8,41,39,16,62.5,11,28,20,5,5,9,56,37.5,24,29.2,15,60,10,28,7,5,3,20,TRUE
54,33.3,21,14.3,23,78.3,14,25,6,4,4,16,70,37.1,25,28,16,81.3,21,24,10,9,8,12,FALSE
64,40.6,20,30,25,88,20,19,9,9,3,14,58,56.9,16,68.8,16,56.3,10,20,16,3,2,13,FALSE
57,45.6,21,52.4,14,85.7,6,22,14,6,4,13,58,46.6,17,47.1,28,67.9,15,25,13,9,3,16,FALSE
63,34.9,19,26.3,10,50,12,22,7,7,6,9,56,41.1,21,28.6,16,81.3,14,32,13,4,2,12,FALSE
59,44.1,24,20.8,38,84.2,19,25,11,8,3,21,60,58.3,24,54.2,11,63.6,4,16,20,8,3,18,FALSE
58,51.7,22,59.1,14,78.6,8,23,15,13,3,13,47,44.7,19,42.1,18,72.2,8,21,12,4,3,21,TRUE
66,43.9,27,44.4,12,50,13,16,16,3,2,10,62,64.5,20,45,4,100,6,27,28,5,5,8,FALSE
59,45.8,22,31.8,24,66.7,11,26,14,4,2,9,46,43.5,24,29.2,26,76.9,2,24,11,2,4,12,TRUE
61,41,16,31.3,27,77.8,21,29,11,11,1,14,53,35.8,17,29.4,14,35.7,9,18,10,6,2,19,TRUE
51,45.1,19,42.1,20,75,8,21,18,4,2,11,49,44.9,21,42.9,21,61.9,11,21,12,5,4,14,TRUE
53,49.1,15,33.3,19,78.9,6,28,19,5,9,8,65,35.4,27,29.6,8,75,14,22,11,2,2,9,TRUE
52,48.1,25,36,27,63,10,19,14,8,2,10,50,46,20,20,12,100,6,22,9,3,2,17,TRUE
58,41.4,26,34.6,19,94.7,9,24,16,14,4,12,62,45.2,23,47.8,8,50,13,25,16,12,3,18,TRUE
58,56.9,18,38.9,24,66.7,7,30,13,6,3,12,71,40.8,25,24,16,62.5,15,23,15,3,4,13,TRUE
59,54.2,23,34.8,24,66.7,10,20,16,11,6,18,64,54.7,11,27.3,25,76,13,22,12,8,1,17,FALSE
53,43.4,16,43.8,18,77.8,8,20,7,7,6,9,57,47.4,18,38.9,17,58.8,11,24,13,4,4,9,FALSE
52,40.4,25,44,16,68.8,9,23,11,5,5,20,63,44.4,25,36,19,78.9,13,25,12,10,2,10,FALSE
73,38.4,28,32.1,26,69.2,23,24,15,12,1,11,56,48.2,38,42.1,13,61.5,7,28,13,7,4,19,TRUE
48,54.2,15,66.7,24,62.5,8,28,15,4,5,21,57,38.6,22,27.3,20,75,9,20,11,13,4,14,TRUE
53,52.8,14,42.9,16,68.8,8,23,17,2,4,13,59,35.6,26,30.8,16,68.8,15,18,11,6,5,12,TRUE
57,42.1,27,29.6,4,75,9,16,14,7,2,13,49,49,18,33.3,17,82.4,9,25,6,7,2,16,FALSE
52,40.4,22,36.4,28,60.7,5,26,10,6,5,11,59,40.7,24,50,21,81,11,31,11,4,5,13,FALSE
60,41.7,19,26.3,23,69.6,15,24,14,3,1,9,56,42.9,21,28.6,22,86.4,9,23,11,8,4,8,FALSE
56,42.9,21,28.6,27,70.4,10,30,16,8,1,7,51,35.3,23,13,26,65.4,8,27,14,6,3,12,TRUE
59,49.2,15,46.7,20,80,14,21,13,15,6,12,51,43.1,24,29.2,12,91.7,8,18,14,3,5,18,TRUE
61,45.9,26,34.6,18,77.8,16,23,14,4,4,11,60,46.7,20,25,23,73.9,13,20,16,5,3,12,TRUE
69,49.3,20,45,8,100,13,27,22,5,7,10,63,41.3,23,60.9,12,58.3,12,21,17,6,5,10,TRUE
49,32.7,20,25,23,78.3,12,22,7,6,4,14,51,37.3,33,39.4,13,69.2,9,25,12,8,2,13,FALSE
57,33.3,22,22.7,28,82.1,14,25,4,12,3,12,51,35.3,24,20.8,21,76.2,11,27,9,6,2,19,TRUE
48,33.3,23,21.7,21,76.2,14,29,8,1,4,19,49,34.7,25,36,29,72.4,8,19,9,10,4,7,FALSE
64,42.2,31,51.6,22,63.6,16,25,19,9,6,14,62,50,22,40.9,10,60,8,24,12,11,7,17,TRUE
43,44.2,19,26.3,22,45.5,5,18,6,4,4,11,50,54,19,31.6,14,78.6,5,26,11,6,2,9,FALSE
50,46,24,37.5,23,87,4,17,17,13,3,10,51,47.1,17,47.1,12,75,13,24,9,4,1,25,TRUE
57,47.4,16,43.8,25,72,14,16,10,5,3,11,54,55.6,13,38.5,23,78.3,11,19,11,6,5,8,FALSE
53,54.7,13,38.5,33,69.7,12,27,14,6,6,11,59,40.7,25,28,18,77.8,9,17,11,4,1,9,TRUE
52,42.3,20,35,21,76.2,9,22,16,7,5,20,56,46.4,20,30,27,70.4,12,23,15,14,2,13,FALSE
56,41.1,21,28.6,9,66.7,9,31,13,6,4,11,56,32.1,23,30.4,6,50,8,25,11,6,1,12,TRUE
64,42.2,19,47.4,27,59.3,16,30,15,9,5,10,62,37.1,23,21.7,19,68.4,11,27,10,3,9,11,TRUE
54,40.7,23,26.1,16,93.8,9,29,10,4,3,13,57,40.4,23,26.1,7,57.1,7,24,15,4,3,13,TRUE
59,37.3,27,33.3,7,71.4,16,18,11,4,0,12,42,47.6,19,36.8,22,86.4,6,22,10,3,3,14,FALSE
60,41.7,25,36,11,72.7,14,21,12,5,2,9,51,49,17,41.2,18,61.1,8,21,7,5,5,12,FALSE
63,42.9,22,31.8,25,64,18,20,9,6,3,14,65,46.2,30,36.7,13,84.6,15,21,12,9,2,14,FALSE
54,48.1,33,51.5,20,50,9,33,16,11,6,20,58,32.8,26,15.4,24,58.3,12,23,9,10,3,15,TRUE
65,38.5,25,32,31,77.4,13,24,8,7,1,7,67,44.8,22,36.4,16,75,13,30,10,4,3,14,TRUE
55,54.5,24,45.8,12,75,9,34,15,5,7,11,58,32.8,27,29.6,11,63.6,8,16,8,6,1,9,TRUE
65,43.1,28,42.9,5,80,12,17,15,8,2,15,48,52.1,16,31.3,22,72.7,8,26,19,7,2,19,TRUE
43,41.9,15,20,30,83.3,6,22,8,4,0,10,55,41.8,20,30,13,61.5,9,20,10,8,1,10,TRUE
57,42.1,24,37.5,19,57.9,9,27,14,10,4,10,53,43.4,17,23.5,16,68.8,7,29,13,3,2,17,TRUE
50,50,18,44.4,20,90,7,26,13,9,10,14,57,38.6,21,42.9,16,50,13,19,12,2,6,15,TRUE
63,47.6,22,22.7,21,71.4,11,14,13,5,6,12,48,58.3,16,37.5,34,73.5,12,23,13,10,5,18,FALSE
65,30.8,19,21.1,23,78.3,11,26,9,7,6,8,56,42.9,17,35.3,22,63.6,9,34,13,3,3,15,FALSE
48,47.9,20,40,18,77.8,5,23,12,9,8,8,52,32.7,24,29.2,13,61.5,16,23,8,3,1,15,TRUE
42,50,13,46.2,32,68.8,9,31,12,4,7,15,61,37.7,20,50,15,66.7,10,17,14,7,3,7,TRUE
66,34.8,19,10.5,21,85.7,16,31,11,10,6,9,60,31.7,22,18.2,18,72.2,12,29,6,5,7,12,TRUE
58,41.4,23,39.1,15,93.3,7,25,14,5,2,10,56,51.8,13,23.1,16,75,4,28,16,7,3,9,FALSE
51,41.2,17,35.3,14,50,11,19,10,3,2,14,50,48,19,42.1,16,93.8,7,23,11,5,2,9,FALSE
51,52.9,21,42.9,16,75,10,21,14,6,5,14,64,45.3,31,35.5,11,81.8,13,15,13,8,3,7,FALSE
64,37.5,26,30.8,23,56.5,12,28,11,1,3,13,66,42.4,17,23.5,22,63.6,14,34,11,9,3,11,FALSE
49,55.1,18,50,20,55,4,17,20,10,4,13,54,53.7,22,27.3,11,81.8,8,22,15,6,1,16,TRUE
62,43.5,22,36.4,14,64.3,8,28,15,8,5,5,44,31.8,19,26.3,29,65.5,9,30,11,3,5,17,TRUE
57,47.4,25,24,22,81.8,10,29,12,2,3,15,60,40,14,21.4,14,85.7,8,19,8,7,1,10,TRUE
51,47.1,30,43.3,23,82.6,1,20,16,9,4,10,55,43.6,30,33.3,25,68,14,27,13,5,1,18,TRUE
63,38.1,13,30.8,19,63.2,17,28,10,4,4,12,61,37.7,30,16.7,10,60,11,25,13,6,10,14,TRUE
48,37.5,21,23.8,18,77.8,12,18,10,5,2,12,41,56.1,10,40,14,78.6,2,19,10,8,4,15,FALSE
52,36.5,23,21.7,16,68.8,13,23,9,4,4,13,56,44.6,23,56.5,19,42.1,12,22,20,8,2,8,FALSE
49,44.9,19,26.3,16,68.8,8,26,10,7,5,19,60,40,25,28,14,78.6,12,23,8,11,3,12,FALSE
61,42.6,23,26.1,17,76.5,15,29,17,12,8,15,57,33.3,16,25,22,54.5,16,24,8,9,1,17,TRUE
59,40.7,25,32,22,90.9,10,27,14,4,3,9,56,55.4,9,44.4,20,70,4,25,14,4,7,7,FALSE
51,25.5,20,15,17,58.8,8,20,5,6,4,11,59,45.8,21,28.6,12,33.3,16,34,17,8,1,11,FALSE
58,44.8,25,36,25,68,11,25,10,9,5,11,72,43.1,19,31.6,16,68.8,20,26,10,9,5,14,FALSE
54,29.6,27,22.2,16,62.5,19,20,11,3,3,23,57,52.6,18,61.1,20,65,10,22,18,10,7,11,FALSE
56,46.4,34,38.2,24,79.2,7,20,16,11,3,5,61,47.5,28,32.1,16,81.3,15,24,14,3,3,13,TRUE
56,33.9,15,33.3,32,71.9,13,28,8,10,1,9,42,26.2,22,18.2,32,62.5,9,28,5,7,9,20,TRUE
63,52.4,34,47.1,16,62.5,12,24,22,4,6,13,60,46.7,21,42.9,21,76.2,9,21,10,10,3,10,TRUE
46,41.3,7,28.6,32,81.3,11,28,9,3,2,11,54,44.4,18,16.7,11,54.5,5,18,14,5,2,6,TRUE
52,48.1,17,47.1,12,83.3,7,23,12,2,3,10,51,45.1,22,36.4,21,90.5,5,20,9,4,5,8,FALSE
65,44.6,20,45,18,83.3,13,23,15,11,6,8,57,43.9,24,41.7,20,50,12,24,9,4,3,15,TRUE
59,50.8,24,50,13,61.5,13,25,17,5,3,9,51,41.2,21,42.9,16,50,9,17,7,5,3,10,TRUE
53,41.5,11,27.3,29,82.8,7,30,4,7,0,11,49,36.7,19,21.1,36,58.3,7,27,8,4,9,13,TRUE
52,53.8,13,46.2,11,63.6,11,22,7,11,1,15,51,37.3,24,12.5,17,64.7,13,16,6,13,2,13,TRUE
55,38.2,22,36.4,22,72.7,19,22,11,8,2,12,46,37,16,25,16,75,9,17,11,9,3,13,TRUE
59,45.8,34,35.3,19,78.9,13,20,14,8,5,11,52,44.2,30,50,14,71.4,12,20,13,4,1,14,TRUE
63,38.1,26,26.9,4,50,6,24,11,5,6,9,59,40.7,17,29.4,18,50,17,33,12,7,3,16,FALSE
58,53.4,25,44,9,77.8,10,28,17,8,2,14,49,36.7,18,27.8,22,59.1,7,17,9,7,2,12,TRUE
63,47.6,19,31.6,11,63.6,13,28,13,6,2,13,56,46.4,28,28.6,26,61.5,8,23,14,7,1,9,FALSE
47,44.7,26,38.5,18,66.7,12,21,12,6,3,18,47,44.7,34,38.2,21,85.7,6,20,11,10,5,12,FALSE
66,51.5,11,45.5,15,66.7,16,24,21,10,7,9,62,45.2,25,36,20,55,15,20,11,6,4,11,TRUE
56,44.6,29,44.8,5,40,7,10,9,14,2,4,38,60.5,15,40,12,83.3,5,27,11,2,4,19,TRUE
56,53.6,11,45.5,19,68.4,11,21,17,5,2,11,56,46.4,21,47.6,25,80,10,19,13,6,4,6,FALSE
51,45.1,15,53.3,13,76.9,5,28,11,2,5,17,64,40.6,40,37.5,21,81,13,26,14,14,6,7,FALSE